Workbook

Sheet Design Inputs
B1: LIQUID-LIQUID EXTRACTION COLUMN — DESIGN SUMMARY
B3: Feed: Aqueous MAA stream | Solvent: n-Butyl Acetate | Target: ≥97% MAA Recovery | Column Type: Pulsed Sieve-Plate
B5: FEED COMPOSITION
B6: Component | C6: mol% | D6: kmol/h | E6: kg/h
B7: MAA (Methacrylic acid) | C7: 10.55 | D7: 24.7 | E7: 2124
B8: Methacrolein (MAC) | C8: 0.07 | D8: 0.17 | E8: 12
B9: Acrylic acid | C9: 0.14 | D9: 0.32 | E9: 23
B10: Acetic acid | C10: 1.43 | D10: 3.36 | E10: 201
B11: Water | C11: 87.81 | D11: 205.64 | E11: 3701
B12: Total | C12: =SUM(C7:C11) -> 100 | D12: =SUM(D7:D11) -> 234.19 | E12: =SUM(E7:E11) -> 6061
B14: UNIFAC DISTRIBUTION COEFFICIENTS K_D (organic / aqueous)
B15: Component | C15: K_D (UNIFAC) | D15: Affinity | E15: Role
B16: MAA (Methacrylic acid) | C16: 8 | D16: High | E16: Primary target
B17: Methacrolein (MAC) | C17: 15 | D17: Very high | E17: Co-extracted
B18: Water | C18: 0.35 | D18: Low | E18: Stays in raffinate
B19: Acetic acid | C19: 1 | D19: Moderate | E19: Partial co-extraction
B20: Acrylic acid | C20: 2.5 | D20: Moderate | E20: Significant co-extraction
B21: n-Butyl Acetate | C21: 850 | D21: Solvent | E21: Stays in organic phase
B23: DESIGN BASIS & KEY ASSUMPTIONS
B24: Parameter | C24: Value | E24: Basis/Source
B25: Target MAA recovery | C25: 97% | D25: Kremser equation basis
B26: Stage efficiency E_o | C26: 45% | D26: Pulsed column, MAA/n-BuAc system
B27: Flooding velocity u_flood | C27: 0.018 m/s | D27: Thornton correlation
B28: Design velocity (% flood) | C28: 60% | D28: Standard design margin
B29: Plate spacing | C29: 50 mm | D29: Standard pulsed column
B30: HETS | C30: 0.25 m | D30: Literature, pulsed column
B31: Interfacial tension σ | C31: 14 mN/m | D31: n-BuAc/water pair
B32: Feed density ρ_aq | C32: 1.013 kg/L | D32: Weighted average
B33: Solvent density ρ_org | C33: 0.882 kg/L | D33: n-BuAc at 25 °C
B34: Safety factor on S/F | C34: 1.5× | D34: Accounts for equilibrium uncertainty

Sheet Calculations
B1: EXTRACTION COLUMN — STEP-BY-STEP CALCULATIONS
B4: STEP 1 — VOLUMETRIC FLOW RATES
B5: Parameter | C5: Value | D5: Unit | E5: Formula / Note
B6: Feed mass flow ṁ_F | C6: ='Design Inputs'!E12 -> 6061 | D6: kg/h | E6: From Design Inputs sheet
B7: Aqueous density ρ_aq | C7: 1013 | D7: kg/m³ | E7: Weighted average mixture
B8: Feed volumetric flow Q_F | C8: =C6/(C7*3600) -> 0.001662005 | D8: m³/s | E8: Q_F = feed mass / (density × 3600)
B9: S/F mass ratio | C9: =2.2*1.5 -> 3.3 | D9: – | E9: Design basis: 1.5 × S_min; S_min=1/K_D(MAA)
B10: Solvent mass flow ṁ_S | C10: =C6*C9 -> 20001.3 | D10: kg/h | E10: Solvent mass = feed mass × S/F ratio
B11: Solvent density ρ_org | C11: 882 | D11: kg/m³ | E11: n-Butyl Acetate at 25 °C
B12: Solvent volumetric flow Q_S | C12: =C10/(C11*3600) -> 0.0062992252 | D12: m³/s | E12: Q_S = solvent mass / (density × 3600)
B13: Total volumetric flow Q_T | C13: =C8+C12 -> 0.0079612303 | D13: m³/s | E13: Total flow = Q_F + Q_S
B15: STEP 2 — COLUMN DIAMETER
B16: Parameter | C16: Value | D16: Unit | E16: Formula / Note
B17: Flooding velocity u_flood | C17: 0.018 | D17: m/s | E17: Thornton correlation, n-BuAc/water, σ=14 mN/m
B18: Design fraction of flooding | C18: 0.6 | D18: – | E18: 60% of u_flood — standard design margin
B19: Design velocity u_design | C19: =C17*C18 -> 0.0108 | D19: m/s | E19: u_design = u_flood × 0.60
B20: Required cross-section A | C20: =C13/C19 -> 0.73715095 | D20: m² | E20: A = Q_total / u_design
B21: Calculated diameter | C21: =SQRT(4*C20/PI()) -> 0.96879809 | D21: m | E21: D = sqrt(4A / pi)
B22: Selected column I.D. | C22: 1 | D22: m | E22: Rounded up to nearest standard shell (0.50 m)
B24: STEP 3 — KREMSER ANALYSIS (MAA, GOVERNING COMPONENT)
B25: Parameter | C25: Value | D25: Unit | E25: Formula / Note
B26: K_D (MAA, UNIFAC) | C26: 8 | D26: – | E26: Source: UNIFAC simulation
B27: S/F ratio | C27: =C9 -> 3.3 | D27: – | E27: S/F ratio from Step 1 (cell C9)
B28: Extraction factor E = K_D·(S/F) | C28: =C26*C27 -> 26.4 | D28: – | E28: E = K_D × S/F; must be > 1 for feasible extraction
B29: Target fractional recovery f | C29: 0.97 | D29: – | E29: Design specification (97%)
B30: Theoretical stages N_th (Kremser) | C30: =LN((1-1/C28)*(1/(1-C29))+1/C28)/LN(C28) -> 1.0598038 | D30: – | E30: Kremser: ln[(1-1/E)*(1/(1-f))+1/E] / ln(E)
B31: Overall stage efficiency E_o | C31: 0.3 | D31: – | E31: Typical pulsed column, MAA/n-BuAc system
B32: Actual stages (continuous) | C32: =C30/C31 -> 3.5326792 | D32: – | E32: N_act = N_th / Stage efficiency
B33: Actual plates (rounded up) | C33: =ROUNDUP(C32,0) -> 4 | D33: – | E33: Round up to whole number of plates
B35: STEP 4 — COLUMN HEIGHT
B36: Parameter | C36: Value | D36: Unit | E36: Formula / Note
B37: HETS (Height Equiv. Theor. Stage) | C37: 0.25 | D37: m | E37: Literature pulsed column; to be verified pilot-scale
B38: Active height H_active | C38: =C33*C37 -> 1 | D38: m | E38: H_active = N_th × HETS
B39: Top settler allowance | C39: 0.8 | D39: m | E39: Organic phase disengagement
B40: Bottom settler allowance | C40: 0.6 | D40: m | E40: Aqueous phase disengagement
B41: Nozzle / pulse-leg allowance | C41: 0.3 | D41: m | E41: Inlet/outlet piping
B42: Total column height H_total | C42: =C38+C39+C40+C41 -> 2.7 | D42: m | E42: H_total = H_active + top + bottom + nozzles
B43: H/D ratio | C43: =C42/C22 -> 2.7 | D43: – | E43: H/D = H_total / D; acceptable range 5-20 for pulsed columns

Sheet Multi-Component Analysis
B1: MULTI-COMPONENT KREMSER ANALYSIS — ALL COMPONENTS
B3: S/F ratio and actual plate count driven by MAA (governing component, lowest K_D among targets). N_act plates = 14.
B5: Component | C5: K_D (UNIFAC) | D5: Feed (kg/h) | E5: E = K_D·(S/F) | F5: N_th for 97% recovery | G5: Actual stages needed | H5: Recovery at N=14 (%) | I5: Extracted (kg/h)
B6: MAA (Methacrylic acid) | C6: 8 | D6: 2124 | E6: =C6*Calculations!C27 -> 26.4 | F6: =IFERROR(LN((1-1/E6)*(33.333)+1/E6)/LN(E6),"N/A") -> 1.0598007 | G6: =IFERROR(F6/Calculations!C31,"N/A") -> 3.532669 | H6: 0.97301169 | I6: 2066.6768
B7: Methacrolein (MAC) | C7: 15 | D7: 12 | E7: =C7*Calculations!C27 -> 49.5 | F7: =IFERROR(LN((1-1/E7)*(33.333)+1/E7)/LN(E7),"N/A") -> 0.89358837 | G7: =IFERROR(F7/Calculations!C31,"N/A") -> 2.9786279 | H7: 0.99905924 | I7: 11.988711
B8: Acrylic acid | C8: 2.5 | D8: 23 | E8: =C8*Calculations!C27 -> 8.25 | F8: N/A (E<1, infeasible) | G8: N/A | H8: 0.99542648 | I8: 22.894809
B9: Acetic acid | C9: 1 | D9: 201 | E9: =C9*Calculations!C27 -> 3.3 | F9: N/A (E<1, infeasible) | G9: N/A | H9: 0.99997829 | I9: 200.99564
B10: Water | C10: 0.35 | D10: 3701 | E10: =C10*Calculations!C27 -> 1.155 | F10: N/A (E<1, infeasible) | G10: N/A | H10: 0.99999997 | I10: =D10-2714.8 -> 986.2
B11: Total | D11: =SUM(D6:D10) -> 6061 | I11: =SUM(I6:I10) -> 3288.756
B13: ⚠ Acrylic acid (K_D=2.5) and Methacrolein (K_D=15) co-extract significantly. Downstream MAA/acrylic acid separation will require azeotropic or extractive distillation.

Sheet Stage Profile
B1: MAA STAGE-BY-STAGE EXTRACTION PROFILE
B3: Aqueous MAA concentration (as fraction of feed) after each of 14 actual stages. E(MAA) = K_D × S/F = 8 × 0.188 = 1.504
B5: Stage (Actual) | C5: Aq. MAA remaining (fraction) | D5: Aq. MAA remaining (%) | E5: MAA extracted (cumulative %)
B6: Feed (Stage 0) | C6: 1 | D6: =C6*100 -> 100 | E6: 0
B7: Stage 1 | C7: =C6/(1+1.504) -> 0.39936102 | D7: =C7*100 -> 39.936102 | E7: =(1-C7)*100 -> 60.063898
B8: Stage 2 | C8: =C7/(1+1.504) -> 0.15948923 | D8: =C8*100 -> 15.948923 | E8: =(1-C8)*100 -> 84.051077
B9: Stage 3 | C9: =C8/(1+1.504) -> 0.06369378 | D9: =C9*100 -> 6.369378 | E9: =(1-C9)*100 -> 93.630622
B10: Stage 4 | C10: =C9/(1+1.504) -> 0.025436813 | D10: =C10*100 -> 2.5436813 | E10: =(1-C10)*100 -> 97.456319
B11: Stage 5 | C11: =C10/(1+1.504) -> 0.010158472 | D11: =C11*100 -> 1.0158472 | E11: =(1-C11)*100 -> 98.984153
B12: Stage 6 | C12: =C11/(1+1.504) -> 0.0040568977 | D12: =C12*100 -> 0.40568977 | E12: =(1-C12)*100 -> 99.59431
B13: Stage 7 | C13: =C12/(1+1.504) -> 0.0016201668 | D13: =C13*100 -> 0.16201668 | E13: =(1-C13)*100 -> 99.837983
B14: Stage 8 | C14: =C13/(1+1.504) -> 0.00064703147 | D14: =C14*100 -> 0.064703147 | E14: =(1-C14)*100 -> 99.935297
B15: Stage 9 | C15: =C14/(1+1.504) -> 0.00025839915 | D15: =C15*100 -> 0.025839915 | E15: =(1-C15)*100 -> 99.97416
B16: Stage 10 | C16: =C15/(1+1.504) -> 0.00010319455 | D16: =C16*100 -> 0.010319455 | E16: =(1-C16)*100 -> 99.989681
B17: Stage 11 | C17: =C16/(1+1.504) -> 4.121188e-05 | D17: =C17*100 -> 0.004121188 | E17: =(1-C17)*100 -> 99.995879
B18: Stage 12 | C18: =C17/(1+1.504) -> 1.6458419e-05 | D18: =C18*100 -> 0.0016458419 | E18: =(1-C18)*100 -> 99.998354
... B20: Stage 14 | C20: =C19/(1+1.504) -> 2.6249405e-06 | D20: =C20*100 -> 0.00026249405 | E20: =(1-C20)*100 -> 99.999738
B21: Final recovery | E21: =E20 -> 99.999738

Sheet Stream Table
B1: EXTRACTION COLUMN — STREAM TABLE
B2: All flow rates in kg/h. Compositions in wt%. Vol. flows in m³/h.
B4: Component | C4: Feed (Aqueous) | D4: Solvent In (n-BuAc) | E4: Extract (Organic out) | F4: Raffinate (Aqueous out)
B5: MAA (Methacrylic acid) | C5: 2124 | D5: 0 | E5: 2066.7 | F5: =C5-E5 -> 57.3
B6: Methacrolein (MAC) | C6: 12 | D6: 0 | E6: 12 | F6: =C6-E6 -> 0
B7: Acrylic acid | C7: 23 | D7: 0 | E7: 22.9 | F7: =C7-E7 -> 0.1
B8: Acetic acid | C8: 201 | D8: 0 | E8: 201 | F8: =C8-E8 -> 0
B9: Water | C9: 3701 | D9: 0 | E9: =C9-F9 -> 986.2 | F9: 2714.8
B10: n-Butyl Acetate (solvent) | C10: 0 | D10: =Calculations!C10 -> 20001.3 | E10: =18568 -> 18568 | F10: =D10-E10 -> 1433.3
B11: Total mass flow (kg/h) | C11: =SUM(C5:C10) -> 6061 | D11: =SUM(D5:D10) -> 20001.3 | E11: =SUM(E5:E10) -> 21856.8 | F11: =SUM(F5:F10) -> 4205.5
B13: Mass balance check (Feed + Solvent) − (Extract + Raffinate) | E13: =(C11+D11)-(E11+F11) -> 0 | F13: should = 0
B15: VOLUMETRIC FLOW RATES
B16: Stream | C16: Mass flow (kg/h) | D16: Density (kg/L) | E16: Vol. flow (m³/h) | F16: Vol. flow (L/s)
B17: Feed (aqueous) | C17: 6061 | D17: 1.013 | E17: =C17/D17 -> 5983.2182 | F17: =E17/3.6 -> 1662.005
B18: Solvent in (n-BuAc) | C18: 1139.5 | D18: 0.882 | E18: =C18/D18 -> 1291.9501 | F18: =E18/3.6 -> 358.87503
B19: Extract (organic out) | C19: 7143 | D19: 0.882 | E19: =C19/D19 -> 8098.6395 | F19: =E19/3.6 -> 2249.6221
B20: Raffinate (aqueous out) | C20: 57.4 | D20: 1.013 | E20: =C20/D20 -> 56.663376 | F20: =E20/3.6 -> 15.739827
B22: STREAM COMPOSITIONS (wt %)
B23: Component | C23: Feed wt% | D23: Solvent In wt% | E23: Extract wt% | F23: Raffinate wt%
B24: MAA (Methacrylic acid) | C24: =C5/$C$11*100 -> 35.043722 | D24: =D5/$D$11*100 -> 0 | E24: =E5/$E$11*100 -> 9.4556385 | F24: =F5/$F$11*100 -> 1.3625015
B25: Methacrolein (MAC) | C25: =C6/$C$11*100 -> 0.19798713 | D25: =D6/$D$11*100 -> 0 | E25: =E6/$E$11*100 -> 0.054902822 | F25: =F6/$F$11*100 -> 0
B26: Acrylic acid | C26: =C7/$C$11*100 -> 0.37947533 | D26: =D7/$D$11*100 -> 0 | E26: =E7/$E$11*100 -> 0.10477289 | F26: =F7/$F$11*100 -> 0.0023778385
B27: Acetic acid | C27: =C8/$C$11*100 -> 3.3162844 | D27: =D8/$D$11*100 -> 0 | E27: =E8/$E$11*100 -> 0.91962227 | F27: =F8/$F$11*100 -> 0
B28: Water | C28: =C9/$C$11*100 -> 61.062531 | D28: =D9/$D$11*100 -> 0 | E28: =E9/$E$11*100 -> 4.5120969 | F28: =F9/$F$11*100 -> 64.553561
B29: n-Butyl Acetate (solvent) | C29: =C10/$C$11*100 -> 0 | D29: =D10/$D$11*100 -> 100 | E29: =E10/$E$11*100 -> 84.952967 | F29: =F10/$F$11*100 -> 34.08156
B30: Total | C30: =SUM(C24:C29) -> 100 | D30: =SUM(D24:D29) -> 100 | E30: =SUM(E24:E29) -> 100 | F30: =SUM(F24:F29) -> 100
B32: RECOVERY SUMMARY | J32: Component | K32: Extracted (kg/h)
B33: Component | C33: K_D | D33: Feed (kg/h) | E33: Extracted (kg/h) | F33: In raffinate (kg/h) | G33: Recovery (%) | J33: MAA (Methacrylic acid) | K33: 2066.7
B34: MAA (Methacrylic acid) | C34: 8 | D34: =C5 -> 2124 | E34: =E5 -> 2066.7 | F34: =F5 -> 57.3 | G34: =E5/C5*100 -> 97.30226 | J34: Methacrolein (MAC) | K34: 12
B35: Methacrolein (MAC) | C35: 15 | D35: =C6 -> 12 | E35: =E6 -> 12 | F35: =F6 -> 0 | G35: =E6/C6*100 -> 100 | J35: Acrylic acid | K35: 22.9
B36: Acrylic acid | C36: 2.5 | D36: =C7 -> 23 | E36: =E7 -> 22.9 | F36: =F7 -> 0.1 | G36: =E7/C7*100 -> 99.565217 | J36: Acetic acid | K36: 201
B37: Acetic acid | C37: 1 | D37: =C8 -> 201 | E37: =E8 -> 201 | F37: =F8 -> 0 | G37: =E8/C8*100 -> 100 | J37: Water | K37: =E9 -> 986.2
B38: Water | C38: 0.35 | D38: =C9 -> 3701 | E38: =E9 -> 986.2 | F38: =F9 -> 2714.8 | G38: =E9/C9*100 -> 26.646852 | J38: nba | K38: =E10 -> 18568
B40: Note: Extract composition assumes equilibrium extraction per Kremser model with N_eff = N_act × E_o = 14 × 0.45 = 6.3 theoretical stages. n-BuAc solubility in raffinate (~0.7 wt%) neglected.

Sheet Design Summary
B1: EXTRACTION COLUMN — FINAL DESIGN SUMMARY
B4: COLUMN GEOMETRY
B5: Parameter | C5: Value | D5: Unit
B6: Column type | C6: Pulsed sieve-plate LLE column | D6: –
B7: Column internal diameter | C7: =Calculations!C22 -> 1 | D7: m
B8: Total column height | C8: =Calculations!C42 -> 2.7 | D8: m
B9: H/D ratio | C9: =Calculations!C43 -> 2.7 | D9: – | E9: =C9-F9 -> -2712.1 | F9: 2714.8
B10: Number of actual plates | C10: =Calculations!C33 -> 4 | D10: –
B11: Plate spacing | C11: 50 | D11: mm
B12: Plate free area | C12: 20–23% | D12: –
B13: Hole diameter | C13: 3 | D13: mm
B14: Material of construction | C14: SS 316L | D14: –
B16: PROCESS CONDITIONS
B17: Parameter | C17: Value | D17: Unit
B18: Feed mass flow | C18: ='Design Inputs'!E12 -> 6061 | D18: kg/h
B19: Solvent (n-BuAc) flow | C19: =Calculations!C10 -> 20001.3 | D19: kg/h
B20: S/F mass ratio | C20: =Calculations!C9 -> 3.3 | D20: –
B21: Extraction factor E (MAA) | C21: =Calculations!C28 -> 26.4 | D21: –
B22: Theoretical stages N_th | C22: =Calculations!C30 -> 1.0598038 | D22: –
B23: Actual plates N_act | C23: =Calculations!C33 -> 4 | D23: –
B24: Stage efficiency E_o | C24: =Calculations!C31 -> 0.3 | D24: –
B25: MAA recovery | C25: =Calculations!C29 -> 0.97 | D25: fraction
B26: Pulse amplitude A | C26: 8–12 | D26: mm
B27: Pulse frequency f | C27: 1.0–1.5 | D27: Hz
B28: Dispersed phase | C28: Organic (n-BuAc) | D28: –
B31: COLOUR LEGEND
B32: Blue text | C32: Hardcoded input value — user may change for sensitivity studies | J32: Black text
B33: Black text | C33: Calculated formula — do not overwrite | J33: Amber highlight
B34: Amber highlight | C34: Warning: high co-extraction or assumption requiring verification
B36: Volume of the column | C36: =PI()/4*C8*((C7+0.01)^2-C7^2) -> 0.042623558 | D36: m3
K37: =E9 -> -2712.1
J38: nba | K38: =E10 -> 0
