Workbook

Sheet stream compositions
A1: F1 | B1: air
A4: F2 | B4: recycle
A7: F3 | B7: IB
A10: F4 | B10: steam
B13: basis be 100 kmols in feed
B14: Stream 4 | C14: mol% | D14: kmol/h | E14: mw | F14: kg/h
A15: PG1 | B15: IB | C15: =D15/$D$19*100 -> 8.627451 | D15: 41.75 | E15: 56 | F15: =D15*E15 -> 2338
B16: O2 | C16: =D16/$D$19*100 -> 17.254902 | D16: =D15*2 -> 83.5 | E16: 32 | F16: =D16*E16 -> 2672
B17: N2 | C17: =D17/$D$19*100 -> 61.176471 | D17: =D16*0.78/0.22 -> 296.04545 | E17: 28 | F17: =D17*E17 -> 8289.2727
B18: steam | C18: =D18/$D$19*100 -> 12.941176 | D18: =D15*1.5 -> 62.625 | E18: 18 | F18: =D18*E18 -> 1127.25
B19: Total | D19: =SUM(D15:D18) -> 483.92045 | F19: =SUM(F15:F18) -> 14426.523 | J19: =3.98*0.796 -> 3.16808
B20: conv | C20: 0.996 | E20: =0.796 -> 0.796
C21: mol% | D21: kmol/h | E21: mw | F21: kg/h | H21: moles of steam + co2
A22: PG2 | B22: IB | C22: =250*10^-6*10^2 -> 0.025 | D22: =D15*(1-C20) -> 0.167 | E22: 56 | F22: =D22*E22 -> 9.352 | H22: =D36-SUM(D22:D33) -> 327.66789
A23: 300 deg C | B23: MAC | C23: 4.8 | D23: =D15*E20 -> 33.233 | E23: 70 | F23: =D23*E23 -> 2326.31
B24: CO | C24: 0.74 | D24: =$D$36*C24% -> 5.1234208 | E24: 28 | F24: =D24*E24 -> 143.45578 | H24: mass of steam + co2
B25: MAA | C25: 0.21 | D25: =$D$36*C25% -> 1.4539438 | E25: 86 | F25: =D25*E25 -> 125.03916 | H25: =F36-SUM(F22:F33) -> 2521.5636
B26: Acetic ac | C26: 0.21 | D26: =$D$36*C26% -> 1.4539438 | E26: 60 | F26: =D26*E26 -> 87.236625
B27: acetone | C27: 0.12 | D27: =$D$36*C27% -> 0.830825 | E27: 58 | F27: =D27*E27 -> 48.18785 | H27: 1 | I27: 1 | J27: =H22 -> 327.66789
B28: acetalde | C28: 0.21 | D28: =$D$36*C28% -> 1.4539438 | E28: 44 | F28: =D28*E28 -> 63.973525 | H28: 44 | I28: 18 | J28: =H25 -> 2521.5636
B29: acrolein | C29: 0.04 | D29: =$D$36*C29% -> 0.27694167 | E29: 56 | F29: =D29*E29 -> 15.508733
B30: formaldehyde | C30: 0.03 | D30: =$D$36*C30% -> 0.20770625 | E30: 30 | F30: =D30*E30 -> 6.2311875 | H30: {=MMULT(MINVERSE(H27:I28),J27:J28)} -> -129.86378
B31: acrylic acid | C31: 0.03 | D31: =$D$36*C31% -> 0.20770625 | E31: 72 | F31: =D31*E31 -> 14.95485 | H31: 457.53167
B32: oxygen | C32: 3.5 | D32: =$D$36*C32% -> 24.232396 | E32: 32 | F32: =D32*E32 -> 775.43667
B33: nitrogen | C33: =D33/$D$36*100 -> 42.759251 | D33: =D17 -> 296.04545 | E33: 28 | F33: =D33*E33 -> 8289.2727
B34: CO2 | C34: =D34/$D$36*100 -> -18.756843 | D34: =H30 -> -129.86378 | E34: 44 | F34: =D34*E34 -> -5714.0064
B35: steam | C35: =D35/$D$36*100 -> 66.083471 | D35: =H31 -> 457.53167 | E35: 18 | F35: =D35*E35 -> 8235.57
B36: total | C36: =SUM(C22:C35) -> 100.00088 | D36: =D23/C23% -> 692.35417 | F36: =F19 -> 14426.523
F37: =SUM(F22:F35) -> 14426.523
A38: PG3 | B38: PG2 + PG6 | H38: 1.41 mol% of an organic component containing 1.2 mol% of methacrolein, 0.03 mol% of methacrylic acid, 0.09 mol% of acetone, 0.05 mol% of acetaldehyde, 0.04 mol% of acrolein, and 17 mol% of oxygen and 13 mol% of water.
A40: PG6 | C40: mol% | D40: kmol/h | E40: mw | F40: kg/h
A41: 80 deg C | B41: MAC | C41: 1.2
B42: MAA | C42: 0.03
B43: acetone | C43: 0.09
B44: acetaldehyde | C44: 0.05
B45: acrolein | C45: 0.04
B46: oxygen | C46: 17
B47: steam | C47: 13
B48: N2 | C48: =100-SUM(C41:C47) -> 68.59
A50: PG3 | B50: IB | C50: 0 | H50: 3.44 mol% methacrolein, 0.31 mol% CO, 0.12 mol% methacrylic acid, 0.12 mol% acetic acid, 0.15 mol% acetone, 0.15 mol% acetaldehyde, 0.06 mol% acrolein, 0.02 mol% formaldehyde and 0.01 mol% acrylic acid.
A51: 243 deg C | B51: MAC | C51: 3.44
B52: CO | C52: 0.31
B53: MAA | C53: 0.12
B54: Acetic ac | C54: 0.12
B55: acetone | C55: 0.15 | H55: 245 ℃ and a molar ratio of methacrolein to oxygen to water of 1 to 2.5 to 4.
B56: acetaldehyde | C56: 0.15
B57: acrolein | C57: 0.06 | I57: =3.44*2.5 -> 8.6
B58: formaldehyde | C58: 0.02
B59: acrylic acid | C59: 0.01
B60: oxygen | C60: =C51*2.5 -> 8.6
B61: steam | C61: =C51*4 -> 13.76
B62: CO2
B63: N2
B64: total
A66: PG4_1 | B66: conv | C66: 0.78 | D66: selectivity | E66: 0.85 | F66: yield | G66: =E66*C66 -> 0.663
A67: 302 deg C | C67: mol% | D67: kmol/h | E67: mw | F67: kg/h | G67: wt%
B68: MAC | C68: 0.7 | D68: =D23*(1-C66) -> 7.31126 | E68: 70 | F68: =D68*E68 -> 511.7882
B69: CO | C69: 0.1 | D69: =C69/100*$D$82 -> 1.0444657 | E69: 28 | F69: =D69*E69 -> 29.24504 | I69: if steam molar flow is x,
B70: MAA | C70: 2.28 | D70: =C70/100*$D$82 -> 23.813818 | E70: 86 | F70: =D70*E70 -> 2047.9884
B71: Acetic ac | C71: 0.31 | D71: =C71/100*$D$82 -> 3.2378437 | E71: 60 | F71: =D71*E71 -> 194.27062
B72: acetone | C72: 0.12 | D72: =C72/100*$D$82 -> 1.2533589 | E72: 58 | F72: =D72*E72 -> 72.694814
B73: acetaldehyde | C73: 0.21 | D73: =C73/100*$D$82 -> 2.193378 | E73: 44 | F73: =D73*E73 -> 96.508632
B74: acrolein | C74: 0.04 | D74: =C74/100*$D$82 -> 0.41778629 | E74: 56 | F74: =D74*E74 -> 23.396032
B75: formaldehyde | C75: 0.03 | D75: =C75/100*$D$82 -> 0.31333971 | E75: 30 | F75: =D75*E75 -> 9.4001914
B76: acrylic acid | C76: 0.03 | D76: =C76/100*$D$82 -> 0.31333971 | E76: 72 | F76: =D76*E76 -> 22.560459
B77: oxygen | C77: 6.5 | D77: =C77/100*$D$82 -> 67.890271 | E77: 32 | F77: =D77*E77 -> 2172.4887
B78: steam | D78: =F78/E78 -> 198.27898 | E78: 18 | F78: =F104 -> 3569.0217
B79: CO2 | D79: =F79/E79 -> -59.878937 | E79: 44 | F79: =F82-SUM(F80,F81,F68:F78) -> -2634.6732
B80: N2 | C80: =D80/D82% -> 28.3442 | D80: =D33 -> 296.04545 | E80: 28 | F80: =D80*E80 -> 8289.2727
B81: TPA | D81: =F81/E81 -> 0.13590638 | E81: 166 | F81: =F102 -> 22.560459
B82: Total | D82: =D68/C68% -> 1044.4657 | F82: =F36 -> 14426.523
A83: PG4_2 | D83: =SUM(D68:D81) -> 542.37027 | F83: =SUM(F68:F81) -> 14426.523
A84: 230 deg C
A86: PG_5 | C86: mol% | D86: kmol/h | E86: mw | F86: kg/h | G86: wt%
B87: MAC | F87: =F68-F100 -> 500.08541
B88: CO | F88: =F69 -> 29.24504
B89: Acetone | F89: =F72 -> 72.694814
B90: acetaldehyde | F90: =F73 -> 96.508632
B91: acrolein | F91: =F74 -> 23.396032
B92: oxygen | F92: =F77 -> 2172.4887
B93: formaldehyde | F93: =F75 -> 9.4001914
B94: CO2 | F94: =F79 -> -2634.6732
B95: N2 | F95: =F80 -> 8289.2727
B96: Total | F96: =F82-F105 -> 8575.1274
F97: =SUM(F87:F95) -> 8558.4183
A98: PS1_1 | C98: mol% | D98: kmol/h | E98: MW | F98: kg/h | G98: wt%
A99: 80 deg C | B99: MAA | F99: =F70 -> 2047.9884 | G99: 35
A100: cooled to | B100: MAC | F100: =G100%*$F$105 -> 11.702791 | G100: 0.2
A101: 13 deg C | B101: TPA | F101: =G101%*$F$105 -> 5.8513954 | G101: =1000*10^-6*10^2 -> 0.1
B102: acrylic acid | F102: =F76 -> 22.560459
B103: acetic acid | F103: =F71 -> 194.27062
B104: water | F104: =F105-SUM(F99:F103) -> 3569.0217
F105: =F99/G99% -> 5851.3954
A106: PS1_2 | J106: W
B107: MAA | J107: TPA
B108: MAC
B109: Water
A111: PS2
B112: MAC
A115: PG7 | B115: N2
...

Sheet heat of reactions
E1: A | F1: B | G1: C | H1: LR | J1: LR species | K1: A | L1: B | M1: C | N1: Tr1 | O1: H_rxn atTr1 | P1: Tr_2 | Q1: H_rxn at Tr2
A2: IB + O2 → Acetone + Formaldehyde | E2: =C25+C20-C31 -> -312.972 | F2: =D25+D20-D31 -> -0.013009 | G2: =E25+E20-E31 -> 3.7847e-06 | H2: acetone | J2: =H2 -> acetone | K2: =E2 -> -312.972 | L2: =F2 -> -0.013009 | M2: =G2 -> 3.7847e-06 | N2: =350+273.15 -> 623.15 | O2: =$K2+$L2*N2+$M2*N2^2 -> -319.6089 | P2: =302+273.15 -> 575.15 | Q2: =$K2+$L2*P2+$M2*P2^2 -> -319.20216
A3: MAC +3O2 → Acetic acid + CO2 + H2O | E3: =C21+C19-C26+C29 -> -963.534 | F3: =D21+D19-D26+D29 -> -4.7606959 | G3: =E21+E19-E26+E29 -> -2.80879e-05 | H3: acetic acid | J3: =H3 -> acetic acid | K3: =E3 -> -963.534 | L3: =F3 -> -4.7606959 | M3: =G3 -> -2.80879e-05 | N3: =350+273.15 -> 623.15 | O3: =$K3+$L3*N3+$M3*N3^2 -> -3941.0686 | P3: =302+273.15 -> 575.15 | Q3: =$K3+$L3*P3+$M3*P3^2 -> -3710.9396
A4: MAC + 2O2 → Acryclic acid + H2O | E4: =C24+C29-C26 -> -472.566 | F4: =D24+D29-D26 -> 0.030496 | G4: =E24+E29-E26 -> -2.91374e-05 | H4: acry | J4: =H4 -> acry | K4: =E4 -> -472.566 | L4: =F4 -> 0.030496 | M4: =G4 -> -2.91374e-05 | N4: =350+273.15 -> 623.15 | O4: =$K4+$L4*N4+$M4*N4^2 -> -464.87693 | P4: =302+273.15 -> 575.15 | Q4: =$K4+$L4*P4+$M4*P4^2 -> -464.66481
A5: IB + 2.5 O2 → Acroelin + CO2 + 2H2O | E5: =C23+C19+2*C29-C31 -> -941.07 | F5: =D23+D19+2*D29-D31 -> -0.00221387 | G5: =E23+E19+2*E29-E31 -> 6.2337e-06 | H5: acro | J5: =H5 -> acro | K5: =E5+E6 -> -1548.722 | L5: =F5+F6 -> 0.01301226 | M5: =G5+G6 -> -6.5082e-06 | N5: =350+273.15 -> 623.15 | O5: =$K5+$L5*N5+$M5*N5^2 -> -1543.1406 | P5: =302+273.15 -> 575.15 | Q5: =$K5+$L5*P5+$M5*P5^2 -> -1543.3909
A6: MAC + 1.5O2 → Acrolein + CO2 + H2O | E6: =C23+C19+C29-C26 -> -607.652 | F6: =D23+D19+D29-D26 -> 0.01522613 | G6: =E23+E19+E29-E26 -> -1.27419e-05 | H6: acro | J6: =H7 -> acetal | K6: =E7 -> -1088.494 | L6: =F7 -> 0.02768826 | M6: =G7 -> -3.25734e-05 | N6: =350+273.15 -> 623.15 | O6: =$K6+$L6*N6+$M6*N6^2 -> -1083.8888 | P6: =302+273.15 -> 575.15 | Q6: =$K6+$L6*P6+$M6*P6^2 -> -1083.3443
A7: MAC + 2.5O2 → Acetaldehyde + 2CO2 + H2O | E7: =C22+2*C19+C29-C26 -> -1088.494 | F7: =D22+2*D19+D29-D26 -> 0.02768826 | G7: =E22+2*E19+E29-E26 -> -3.25734e-05 | H7: acetal | J7: =H8 -> co2 | K7: =E8+E10 -> -4729.49 | L7: =F8+F10 -> 0.08384504 | M7: =G8+G10 -> -8.12448e-05 | N7: =350+273.15 -> 623.15 | O7: =$K7+$L7*N7+$M7*N7^2 -> -4708.7906 | P7: =302+273.15 -> 575.15 | Q7: =$K7+$L7*P7+$M7*P7^2 -> -4708.1421
A8: IB + 4O2 → 4CO2 + 4 H2O | E8: =4*C19+4*C29-C31 -> -2531.454 | F8: =4*D19+4*D29-D31 -> 0.03320252 | G8: =4*E19+4*E29-E31 -> -3.11346e-05 | H8: co2 | J8: =H9 -> co | K8: =E9+E11 -> -3604.562 | L8: =F9+F11 -> 0.11571732 | M8: =G9+G11 -> -0.0001078368 | N8: =350+273.15 -> 623.15 | O8: =$K8+$L8*N8+$M8*N8^2 -> -3574.3275 | P8: =302+273.15 -> 575.15 | Q8: =$K8+$L8*P8+$M8*P8^2 -> -3573.6793
A9: IB + 2 O2 → 4CO + 4 H2O | E9: =4*C18+4*C29-C31 -> -1406.526 | F9: =4*D18+4*D29-D31 -> 0.0650748 | G9: =4*E18+4*E29-E31 -> -5.77266e-05 | H9: co | J9: =H12 -> mac | K9: =E12 -> -333.418 | L9: =F12 -> -0.01744 | M9: =G12 -> 1.89756e-05 | N9: =350+273.15 -> 623.15 | O9: =$K9+$L9*N9+$M9*N9^2 -> -336.91721 | P9: =302+273.15 -> 575.15 | Q9: =$K9+$L9*P9+$M9*P9^2 -> -337.17153
A10: MAC + 5.5O2 → 4CO2 + 3H2O | E10: =4*C19+3*C29-C26 -> -2198.036 | F10: =4*D19+3*D29-D26 -> 0.05064252 | G10: =4*E19+3*E29-E26 -> -5.01102e-05 | H10: co2 | J10: =H13 -> maa | K10: =E13 -> -339.158 | L10: =F13 -> 0.039334389 | M10: =G13 -> 0.00029454092 | N10: =350+273.15 -> 623.15 | O10: =$K10+$L10*N10+$M10*N10^2 -> -200.27185 | P10: =302+273.15 -> 575.15 | Q10: =$K10+$L10*P10+$M10*P10^2 -> -219.10142
A11: MAC + 3.5O2 → 4CO + 3H2O | E11: =4*C19+3*C29-C26 -> -2198.036 | F11: =4*D19+3*D29-D26 -> 0.05064252 | G11: =4*E19+3*E29-E26 -> -5.01102e-05 | H11: co | J11: formal | K11: =-(E14+E15) -> 763.09 | L11: =-(F14+F15) -> -0.03005833 | M11: =-(G14+G15) -> 1.96452e-05 | N11: =350+273.15 -> 623.15 | O11: =$K11+$L11*N11+$M11*N11^2 -> 751.9877 | P11: =302+273.15 -> 575.15 | Q11: =$K11+$L11*P11+$M11*P11^2 -> 752.30053
A12: IB + O2 → MAC + H2O | E12: =C26+C29-C31 -> -333.418 | F12: =D26+D29-D31 -> -0.01744 | G12: =E26+E29-E31 -> 1.89756e-05 | H12: mac
A13: MAC + 0.5 O2 → MAA | E13: =C27-C26 -> -339.158 | F13: =D27-D26 -> 0.039334389 | G13: =E27-E26 -> 0.00029454092 | H13: maa
A14: Formaldehyde + O2 → CO2 + H2O | E14: =C19+C29-C20 -> -522.161 | F14: =D19+D29-D20 -> 0.01104513 | G14: =E19+E29-E20 -> -6.4986e-06 | H14: form
A15: Formaldehyde + 0.5O2 → CO + H2O | E15: =C18+C29-C20 -> -240.929 | F15: =D18+D29-D20 -> 0.0190132 | G15: =E18+E29-E20 -> -1.31466e-05 | H15: form
B17: component | C17: A | D17: B | E17: C | F17: At 25 deg c | G17: 298 | H17: =N2 -> 623.15 | N17: MAC formation | Q17: Reaction no. | R17: Gibbs energy (kJ/mol) | S17: ΔH_rxn (kJ/mol)
B18: CO | C18: -112.19 | D18: 0.0081182 | E18: -8.0425e-06 | G18: =$G$17*C18+$G$17^2*D18/2+$G$17^3*E18/3 -> -33143.1 | K18: IB + O2 → Acetone + Formaldehyde | N18: A | O18: B | P18: C | Q18: 1 | R18: -344.31 | S18: =O9 -> -336.91721
B19: CO2 | C19: -393.422 | D19: 0.00015013 | E19: -1.3945e-06 | G19: =$G$17*C19+$G$17^2*D19/2+$G$17^3*E19/3 -> -117245.39 | K19: MAC +3O2 → Acetic acid + CO2 + H2O | N19: =C26+C29-C31 -> -333.418 | O19: =D26+D29-D31 -> -0.01744 | P19: =E26+E29-E31 -> 1.89756e-05 | Q19: 2 | R19: -230.12 | S19: =O10 -> -200.27185
B20: Formaldehyde | C20: -109.671 | D20: -0.023151 | E20: 7.8697e-06 | G20: =$G$17*C20+$G$17^2*D20/2+$G$17^3*E20/3 -> -33640.489 | K20: MAC + 2O2 → Acryclic acid + H2O | Q20: 3 | R20: -75.06 | S20: -112.2
B21: acetic acid | C21: -422.584 | D21: -4.8354 | E21: 2.337e-05 | G21: =$G$17*C21+$G$17^2*D21/2+$G$17^3*E21/3 -> -340425.31 | K21: IB + 2.5 O2 → Acroelin + CO2 + 2H2O | N21: MAA formation
B22: Acetaldehyde | C22: -154.122 | D22: -0.047166 | E22: 2.0279e-05 | G22: =$G$17*C22+$G$17^2*D22/2+$G$17^3*E22/3 -> -47843.736 | K22: MAC + 1.5O2 → Acrolein + CO2 + H2O | N22: =F27-F26 -> -255.88005
B23: Acrolein | C23: -66.702 | D23: -0.059478 | E23: 3.8716e-05 | G23: =$G$17*C23+$G$17^2*D23/2+$G$17^3*E23/3 -> -22176.617 | K23: MAC + 2.5O2 → Acetaldehyde + 2CO2 + H2O
B24: Acryclic acid | C24: -325.038 | D24: -0.044058 | E24: 2.0926e-05 | G24: =$G$17*C24+$G$17^2*D24/2+$G$17^3*E24/3 -> -98632.995 | K24: IB + 4O2 → 4CO2 + 4 H2O
B25: Acetone | C25: -199.175 | D25: -0.071484 | E25: 3.2534e-05 | G25: =$G$17*C25+$G$17^2*D25/2+$G$17^3*E25/3 -> -62241.194 | K25: IB + 2 O2 → 4CO + 4 H2O
B26: Methacrolein | C26: -90.882 | D26: -0.08681 | E26: 5.2829e-05 | F26: =C26+D26*298+E26*298^2 -> -112.05995 | G26: =$G$17*C26+$G$17^2*D26/2+$G$17^3*E26/3 -> -30471.359 | K26: MAC + 5.5O2 → 4CO2 + 3H2O
B27: Methacrylic acid | C27: =-430.04 -> -430.04 | D27: -0.047475611 | E27: 0.00034736992 | F27: =-367.94 -> -367.94 | G27: =$G$17*C27+$G$17^2*D27/2+$G$17^3*E27/3 -> -127195.71 | K27: MAC + 3.5O2 → 4CO + 3H2O
B28: Impurity (TPA) | C28: -688.693 | D28: -0.11323 | E28: 4.9298e-05 | G28: =$G$17*C28+$G$17^2*D28/2+$G$17^3*E28/3 -> -209823.29 | K28: IB + O2 → MAC + H2O
B29: Water | C29: -238.41 | D29: -0.012256 | E29: 2.7656e-06 | G29: =$G$17*C29+$G$17^2*D29/2+$G$17^3*E29/3 -> -71565.975 | K29: MAC + 0.5 O2 → MAA
B30: Ethylene Oxide | C30: -38.88 | D30: -0.054041 | E30: 2.5601e-05 | G30: =$G$17*C30+$G$17^2*D30/2+$G$17^3*E30/3 -> -13759.937 | K30: Formaldehyde + O2 → CO2 + H2O
B31: Isobutylene | C31: 4.126 | D31: -0.081626 | E31: =0.000036619 -> 3.6619e-05 | G31: =$G$17*C31+$G$17^2*D31/2+$G$17^3*E31/3 -> -2071.7862 | H31: =C31+D31*H17+E31*H17^2 -> -32.519501 | K31: Formaldehyde + 0.5O2 → CO + H2O

Sheet r1
G1: C4H8 + O2 → C4H6O + H2O | K1: 4.8% by volume of methacrolein, 0.74 mol% of CO, 0.21 mol% of methacrylic acid, 0.21 mol% of acetic acid, 0.12 mol% of acetone, 0.21 mol% of acetaldehyde, 0.04 mol% of acrolein, 0.03 mol% of formaldehyde, 0.03 mol% of acrylic acid, 250ppm of isobutylene and 3.5% by volume of oxyge
W4: using elemental balance | AA4: kmol/h
L5: ='stream compositions'!C21 -> mol% | M5: ='stream compositions'!D21 -> kmol/h | N5: ='stream compositions'!E21 -> mw | O5: ='stream compositions'!F21 -> kg/h | P5: wt% | R5: o2 consumed | S5: =D8-M16 -> 57.15 | T5: kmol/h | W5: In | X5: Out | Y5: diff | AA5: =N5 -> mw | AB5: =O5 -> kg/h | AC5: =P5 -> wt% | AD5: =Q5 -> 0
C6: ='stream compositions'!C14 -> mol% | D6: ='stream compositions'!D14 -> kmol/h | E6: ='stream compositions'!E14 -> mw | F6: ='stream compositions'!F14 -> kg/h | G6: kg/day | K6: ='stream compositions'!B22 -> IB | L6: =M6/$M$21% -> 0.03415368 | M6: =D7*(1-I14) -> 0.167 | N6: 56 | O6: =250/1000000*O21 -> 3.6066307 | P6: =O6/O21*100 -> 0.025 | R6: ib consumed | S6: =D7-M6 -> 41.583 | T6: kmol/h | V6: C | W6: =4*D7 -> 167 | X6: =AA21 -> 12059.068 | Y6: =W6-X6 -> -11892.068 | Z6: CO2 | AA6: =N6*$M6 -> 9.352 | AB6: =O6*$M6 -> 0.60230732 | AC6: =P6*$M6 -> 0.004175 | AD6: =Q6*$M6 -> 0
B7: ='stream compositions'!B15 -> IB | C7: ='stream compositions'!C15 -> 8.627451 | D7: ='stream compositions'!D15 -> 41.75 | E7: ='stream compositions'!E15 -> 56 | F7: ='stream compositions'!F15 -> 2338 | G7: =F7*24 -> 56112 | K7: ='stream compositions'!B23 -> MAC | L7: =M7/$M$21% -> 7.0488496 | M7: =D7*I16 -> 34.466502 | N7: 70 | O7: =M7*N7 -> 2412.6551 | P7: =O7/$O$21% -> 16.723747 | R7: o2/ib | S7: =S5/S6 -> 1.3743597 | V7: H | W7: =8*D7+2*D10 -> 459.25 | X7: =AB21 -> 2560561.6 | Y7: =W7-X7 -> -2560102.3 | Z7: H2O | AA7: =N7*$M7 -> 2412.6551 | AB7: =O7*$M7 -> 83155.784 | AC7: =P7*$M7 -> 576.40906 | AD7: =Q7*$M7 -> 0
B8: ='stream compositions'!B16 -> O2 | C8: ='stream compositions'!C16 -> 17.254902 | D8: ='stream compositions'!D16 -> 83.5 | E8: ='stream compositions'!E16 -> 32 | F8: ='stream compositions'!F16 -> 2672 | G8: =F8*24 -> 64128 | K8: ='stream compositions'!B24 -> CO | L8: =M8/$M$21% -> 1.0478064 | M8: 5.1234208 | N8: 28 | O8: =M8*N8 -> 143.45578 | P8: =O8/$O$21% -> 0.9943892 | V8: O | W8: =2*D8+D10 -> 229.625 | X8: =AC21 -> 17748.987 | Y8: =W8-X8 -> -17519.362 | Z8: =Y7/2 -> -1280051.2 | AA8: =N8*$M8 -> 143.45578 | AB8: =O8*$M8 -> 734.98435 | AC8: =P8*$M8 -> 5.0946743 | AD8: =Q8*$M8 -> 0
B9: ='stream compositions'!B17 -> N2 | C9: ='stream compositions'!C17 -> 61.176471 | D9: ='stream compositions'!D17 -> 296.04545 | E9: ='stream compositions'!E17 -> 28 | F9: ='stream compositions'!F17 -> 8289.2727 | G9: =F9*24 -> 198942.55 | K9: ='stream compositions'!B25 -> MAA | L9: =M9/$M$21% -> 0.29735048 | M9: 1.4539438 | N9: 86 | O9: =M9*N9 -> 125.03916 | P9: =O9/$O$21% -> 0.86673112 | S9: =O21/M21 -> 29.504122 | V9: N | W9: =2*D9 -> 592.09091 | X9: =AD21 -> 1.4781411 | Y9: =W9-X9 -> 590.61277 | AA9: =N9*$M9 -> 125.03916 | AB9: =O9*$M9 -> 181.79991 | AC9: =P9*$M9 -> 1.2601783 | AD9: =Q9*$M9 -> 0
B10: ='stream compositions'!B18 -> steam | C10: ='stream compositions'!C18 -> 12.941176 | D10: ='stream compositions'!D18 -> 62.625 | E10: ='stream compositions'!E18 -> 18 | F10: ='stream compositions'!F18 -> 1127.25 | G10: =F10*24 -> 27054 | K10: ='stream compositions'!B26 -> Acetic ac | L10: =M10/$M$21% -> 0.29735048 | M10: 1.4539438 | N10: 60 | O10: =M10*N10 -> 87.236625 | P10: =O10/$O$21% -> 0.60469613 | AA10: =N10*$M10 -> 87.236625 | AB10: =O10*$M10 -> 126.83715 | AC10: =P10*$M10 -> 0.87919416 | AD10: =Q10*$M10 -> 0
B11: Total | C11: ='stream compositions'!C19 -> 0 | D11: =SUM(D7:D10) -> 483.92045 | F11: ='stream compositions'!F19 -> 14426.523 | K11: ='stream compositions'!B27 -> acetone | L11: =M11/$M$21% -> 0.16991456 | M11: 0.830825 | N11: 58 | O11: =M11*N11 -> 48.18785 | P11: =O11/$O$21% -> 0.33402263 | AA11: =N11*$M11 -> 48.18785 | AB11: =O11*$M11 -> 40.03567 | AC11: =P11*$M11 -> 0.27751435 | AD11: =Q11*$M11 -> 0
D12: =D11*1000/3600 -> 134.42235 | E12: mol/s | G12: =SUM(G8:G9) -> 263070.55 | K12: ='stream compositions'!B28 -> acetalde | L12: =M12/$M$21% -> 0.29735048 | M12: 1.4539438 | N12: 44 | O12: =M12*N12 -> 63.973525 | P12: =O12/$O$21% -> 0.44344383 | AA12: =N12*$M12 -> 63.973525 | AB12: =O12*$M12 -> 93.013907 | AC12: =P12*$M12 -> 0.64474239 | AD12: =Q12*$M12 -> 0
K13: ='stream compositions'!B29 -> acrolein | L13: =M13/$M$21% -> 0.056638186 | M13: 0.27694167 | N13: 56 | O13: =M13*N13 -> 15.508733 | P13: =O13/$O$21% -> 0.10750153 | AA13: =N13*$M13 -> 15.508733 | AB13: =O13*$M13 -> 4.2950145 | AC13: =P13*$M13 -> 0.029771654 | AD13: =Q13*$M13 -> 0
H14: conv | I14: 0.996 | K14: ='stream compositions'!B30 -> formaldehyde | L14: =M14/$M$21% -> 0.042478639 | M14: 0.20770625 | N14: 30 | O14: =M14*N14 -> 6.2311875 | P14: =O14/$O$21% -> 0.043192581 | Q14: =D7*I14*(1-I15) -> 7.1164979 | AA14: =N14*$M14 -> 6.2311875 | AB14: =O14*$M14 -> 1.2942566 | AC14: =P14*$M14 -> 0.008971369 | AD14: =Q14*$M14 -> 1.4781411
H15: selectivity | I15: =I16/I14 -> 0.8288604 | K15: ='stream compositions'!B31 -> acrylic acid | L15: =M15/$M$21% -> 0.042478639 | M15: 0.20770625 | N15: 72 | O15: =M15*N15 -> 14.95485 | P15: =O15/$O$21% -> 0.10366219 | AA15: =N15*$M15 -> 14.95485 | AB15: =O15*$M15 -> 3.1062158 | AC15: =P15*$M15 -> 0.021531286 | AD15: =Q15*$M15 -> 0
H16: yield | I16: 0.82554496 | K16: O2 | L16: =M16/$M$21% -> 5.388919 | M16: 26.35 | N16: 32 | O16: =M16*N16 -> 843.2 | P16: =O16/$O$21% -> 5.8447903 | AA16: =N16*$M16 -> 843.2 | AB16: =O16*$M16 -> 22218.32 | AC16: =P16*$M16 -> 154.01022 | AD16: =Q16*$M16 -> 0
K17: N2 | L17: =M17/$M$21% -> 60.54516 | M17: =D9 -> 296.04545 | N17: 28 | O17: =M17*N17 -> 8289.2727 | P17: =O17/$O$21% -> 57.458564 | AA17: =N17*$M17 -> 8289.2727 | AB17: =O17*$M17 -> 2454001.5 | AC17: =P17*$M17 -> 17010.347 | AD17: =Q17*$M17 -> 0
K18: ='stream compositions'!B34 -> CO2 | L18: =M18/$M$21% -> 1.5454839 | M18: ='elemental balance for r1'!H34 -> 7.5568959 | N18: 44 | O18: =M18*N18 -> 332.50342 | P18: =O18/$O$21% -> 2.3048064
K19: ='stream compositions'!B35 -> steam | L19: =M19/$M$21% -> 23.186066 | M19: ='elemental balance for r1'!I35 -> 113.37206 | N19: 18 | O19: =M19*N19 -> 2040.6971 | P19: =O19/$O$21% -> 14.145454 | Q19: =M19-D10 -> 50.74706
K20: formic acid | L20: =M20/$M$21% -> 0 | M20: ='elemental balance for r1'!G45 -> 0 | N20: 46 | O20: =M20*N20 -> 0 | P20: =O20/$O$21% -> 0 | Q20: =SUM(M8:M15,M18)+Q19 -> 69.312388
K21: ='stream compositions'!B36 -> total | L21: =SUM(L6:L20) -> 100 | M21: =SUM(M6:M20) -> 488.96634 | O21: =F11 -> 14426.523 | P21: =O21/$O$21% -> 100 | AA21: =SUM(AA6:AA19) -> 12059.068 | AB21: =SUM(AB6:AB19) -> 2560561.6 | AC21: =SUM(AC6:AC19) -> 17748.987 | AD21: =SUM(AD6:AD19) -> 1.4781411
O22: =SUM(O6:O20) -> 14426.523
B25: gas phase | D25: Regression coefficients for enthalpy of formation | P25: regression coefficients | AB25: Hrxn per moleproduct (kJ/mol)
A26: PG1 | B26: =D6 -> kmol/h | C26: mol/h | D26: T | E26: A | F26: B | G26: C | H26: H (kJ/mol) | I26: H (kJ/h) | L26: PG2 | M26: =M5 -> kmol/h | N26: mol/h | O26: T | P26: A | Q26: B | R26: C | S26: H (kJ/mol) | T26: H (kJ/h) | V26: Reactions | Y26: A | Z26: B | AA26: C | AB26: 298 | AC26: 623.15 | AD26: product flow rate | AE26: Hrx (kJ/h) | AF26: extent | AG26: Hrx*extent | AL26: reg coefficients for Cp (J/molK)
A27: =B7 -> IB | B27: =D7 -> 41.75 | C27: =B27*1000 -> 41750 | D27: =350+273.15 -> 623.15 | E27: ='heat of reactions'!C31 -> 4.126 | F27: ='heat of reactions'!D31 -> -0.081626 | G27: ='heat of reactions'!E31 -> 3.6619e-05 | H27: =P27+Q27*O27+R27*O27^2 -> -32.519501 | I27: =H27*C27 -> -1357689.2 | L27: IB | M27: =M6 -> 0.167 | N27: =M27*1000 -> 167 | O27: =350+273.15 -> 623.15 | P27: ='heat of reactions'!C31 -> 4.126 | Q27: ='heat of reactions'!D31 -> -0.081626 | R27: ='heat of reactions'!E31 -> 3.6619e-05 | S27: =P27+Q27*O27+R27*O27^2 -> -32.519501 | T27: =S27*N27 -> -5430.7567 | V27: IB + O2 → MAC + H2O | Y27: -333.418 | Z27: -0.01744 | AA27: 1.89756e-05 | AB27: -336.93001 | AC27: -336.91721 | AD27: =N28 -> 34466.502 | AE27: =AD27*AC27 -> -11612358 | AF27: 38.7264 | AG27: =AF27*AC27 -> -13047.591 | AJ27: component | AK27: Tb | AL27: A | AM27: B | AN27: C | AO27: D | AP27: E | AQ27: T_ref | AR27: T_rxn | AS27: Cp | AT27: flow rate (mol/h) | AU27: Fcp
A28: =B8 -> O2 | B28: =D8 -> 83.5 | C28: =B28*1000 -> 83500 | D28: =350+273.15 -> 623.15 | E28: 0 | F28: 0 | G28: 0 | H28: =E28+F28*D28*G28*D28^2 -> 0 | I28: =H28*C28 -> 0 | L28: MAC | M28: =M7 -> 34.466502 | N28: =M28*1000 -> 34466.502 | O28: =350+273.15 -> 623.15 | P28: ='heat of reactions'!C26 -> -90.882 | Q28: ='heat of reactions'!D26 -> -0.08681 | R28: ='heat of reactions'!E26 -> 5.2829e-05 | S28: =P28+Q28*O28+R28*O28^2 -> -124.46331 | T28: =S28*N28 -> -4289814.9 | V28: IB + 1.5 O2 → MAA + H2O | Y28: -339.158 | Z28: 0.039334389 | AA28: 0.00029454092 | AB28: -301.27994 | AC28: -200.27185 | AD28: =N30 -> 1453.9437 | AE28: =AD28*AC28 -> -291184 | AF28: 1.5191 | AG28: =AF28*AC28 -> -304.23296 | AJ28: CO | AL28: =29.556 -> 29.556 | AM28: =-0.0065807 -> -0.0065807 | AN28: 2.013e-05 | AO28: -1.2227e-08 | AP28: 2.6717e-12 | AQ28: 500 | AR28: =O27 -> 623.15 | AS28: =AL28+AM28*AR28+AN28*AR28^2+AO28*AR28^3+AP28*AR28^4 -> 30.716222 | AT28: =N29 -> 5123.4208 | AU28: =AT28*AS28 -> 157372.13
A29: =B9 -> N2 | B29: =D9 -> 296.04545 | C29: =B29*1000 -> 296045.45 | D29: =350+273.15 -> 623.15 | E29: 0 | F29: 0 | G29: 0 | H29: =E29+F29*D29*G29*D29^2 -> 0 | I29: =H29*C29 -> 0 | L29: CO | M29: =M8 -> 5.1234208 | N29: =M29*1000 -> 5123.4208 | O29: =350+273.15 -> 623.15 | P29: ='heat of reactions'!C18 -> -112.19 | Q29: ='heat of reactions'!D18 -> 0.0081182 | R29: ='heat of reactions'!E18 -> -8.0425e-06 | S29: =P29+Q29*O29+R29*O29^2 -> -110.25417 | T29: =S29*N29 -> -564878.53 | V29: IB +5O2 → Acetic acid + CO2 + 3H2O | Y29: -1535.362 | Z29: -4.7903919 | AA29: -6.3467e-06 | AB29: -2963.4624 | AC29: -4522.9592 | AD29: =N31 -> 1453.9437 | AE29: =AD29*AC29 -> -6576128.3 | AF29: 1.1094 | AG29: =AF29*AC29 -> -5017.771 | AJ29: CO2 | AL29: 27.437 | AM29: 0.042315 | AN29: =-0.000019555 -> -1.9555e-05 | AO29: =0.0000000039968 -> 3.9968e-09 | AP29: =-0.00000000000029872 -> -2.9872e-13 | AQ29: 500 | AR29: =O28 -> 623.15 | AS29: =AL29+AM29*AR29+AN29*AR29^2+AO29*AR29^3+AP29*AR29^4 -> 47.134173 | AT29: =N39 -> 7556.8959 | AU29: =AT29*AS29 -> 356188.04
A30: =B10 -> steam | B30: =D10 -> 62.625 | C30: =B30*1000 -> 62625 | D30: =350+273.15 -> 623.15 | E30: ='heat of reactions'!C29 -> -238.41 | F30: ='heat of reactions'!D29 -> -0.012256 | G30: ='heat of reactions'!E29 -> 2.7656e-06 | H30: =E30+F30*D30*G30*D30^2 -> -246.61193 | I30: =H30*C30 -> -15444072 | L30: MAA | M30: =M9 -> 1.4539438 | N30: =M30*1000 -> 1453.9437 | O30: =350+273.15 -> 623.15 | P30: ='heat of reactions'!C27 -> -430.04 | Q30: ='heat of reactions'!D27 -> -0.047475611 | R30: ='heat of reactions'!E27 -> 0.00034736992 | S30: =P30+Q30*O30+R30*O30^2 -> -324.73516 | T30: =S30*N30 -> -472146.65 | V30: IB + 3O2 → Acryclic acid + 2H2O | Y30: -805.984 | Z30: 0.013056 | AA30: -1.01618e-05 | AB30: -802.99572 | AC30: -801.79414 | AD30: =N36 -> 207.70625 | AE30: =AD30*AC30 -> -166537.65 | AF30: 0.3032 | AG30: =AF30*AC30 -> -243.10398 | AJ30: formaldehyde | AK30: 254.05 | AL30: =34.428 -> 34.428 | AM30: =-0.029779 -> -0.029779 | AN30: =0.00015104 -> 0.00015104 | AO30: =-0.00000012733 -> -1.2733e-07 | AP30: =0.000000000033887 -> 3.3887e-11 | AQ30: 500 | AR30: =O29 -> 623.15 | AS30: =AL30+AM30*AR30+AN30*AR30^2+AO30*AR30^3+AP30*AR30^4 -> 48.821054 | AT30: =N35 -> 207.70625 | AU30: =AT30*AS30 -> 10140.438
A31: =B11 -> Total | B31: =D11 -> 483.92045 | C31: =SUM(C27:C30) -> 483920.45 | D31: =350+273.15 -> 623.15 | I31: =SUM(I27:I30) -> -16801761 | L31: Acetic ac | M31: =M10 -> 1.4539438 | N31: =M31*1000 -> 1453.9437 | O31: =350+273.15 -> 623.15 | P31: ='heat of reactions'!C21 -> -422.584 | Q31: ='heat of reactions'!D21 -> -4.8354 | R31: ='heat of reactions'!E21 -> 2.337e-05 | S31: =P31+Q31*O31+R31*O31^2 -> -3426.6886 | T31: =S31*N31 -> -4982212.4 | V31: IB + 2.5O2 → Acrolein + CO2 +2 H2O | Y31: 0 | Z31: 0 | AA31: 0 | AB31: 0 | AC31: 0 | AD31: 0 | AE31: =AD31*AC31 -> 0 | AF31: 0 | AG31: =AF31*AC31 -> 0 | AJ31: acetic acid | AK31: =AW28 -> 0 | AL31: =34.85 -> 34.85 | AM31: =0.037626 -> 0.037626 | AN31: 0.00028311 | AO31: =-0.00000030767 -> -3.0767e-07 | AP31: 9.2646e-11 | AQ31: 500 | AR31: =O30 -> 623.15 | AS31: =AL31+AM31*AR31+AN31*AR31^2+AO31*AR31^3+AP31*AR31^4 -> 107.75308 | AT31: =N31 -> 1453.9437 | AU31: =AT31*AS31 -> 156666.92
L32: acetone | M32: =M11 -> 0.830825 | N32: =M32*1000 -> 830.825 | O32: =350+273.15 -> 623.15 | P32: ='heat of reactions'!C25 -> -199.175 | Q32: ='heat of reactions'!D25 -> -0.071484 | R32: ='heat of reactions'!E25 -> 3.2534e-05 | S32: =P32+Q32*O32+R32*O32^2 -> -231.08678 | T32: =S32*N32 -> -191992.68 | V32: IB + 3O2 → Acetaldehyde + 2CO + 2H2O | Y32: -859.448 | Z32: 0.0261844 | AA32: -2.68938e-05 | AB32: -854.03333 | AC32: -853.57448 | AD32: =N33 -> 1453.9437 | AE32: =AD32*AC32 -> -1241049.3 | AF32: 1.1094 | AG32: =AF32*AC32 -> -946.95553 | AJ32: acetaldehyde | AK32: 293.55 | AL32: =34.14 -> 34.14 | AM32: 0.04002 | AN32: =0.00015634 -> 0.00015634 | AO32: =-0.00000016445 -> -1.6445e-07 | AP32: =0.000000000047248 -> 4.7248e-11 | AQ32: 500 | AR32: =O31 -> 623.15 | AS32: =AL32+AM32*AR32+AN32*AR32^2+AO32*AR32^3+AP32*AR32^4 -> 87.118807 | AT32: =N33 -> 1453.9437 | AU32: =AT32*AS32 -> 126665.85
L33: acetaldehyde | M33: =M12 -> 1.4539438 | N33: =M33*1000 -> 1453.9437 | O33: =350+273.15 -> 623.15 | P33: ='heat of reactions'!C22 -> -154.122 | Q33: ='heat of reactions'!D22 -> -0.047166 | R33: ='heat of reactions'!E22 -> 2.0279e-05 | S33: =P33+Q33*O33+R33*O33^2 -> -175.63883 | T33: =S33*N33 -> -255368.99 | V33: IB + 6O2 → 4CO2 + 4 H2O | Y33: -2531.454 | Z33: 0.03320252 | AA33: -3.11346e-05 | AB33: -2524.3245 | AC33: -2522.8539 | AD33: =M39 -> 7.5568959 | AE33: =AD33*AC33 -> -19064.944 | AF33: 1.165 | AG33: =AF33*AC33 -> -2939.1248 | AJ33: acrolein | AK33: 325.84 | AL33: =109.243 -> 109.243 | AM33: =-0.50952 -> -0.50952 | AN33: =0.0017059 -> 0.0017059 | AO33: =-0.0000018068 -> -1.8068e-06 | AP33: =0.00000000065983 -> 6.5983e-10 | AQ33: 500 | AR33: =O32 -> 623.15 | AS33: =AL33+AM33*AR33+AN33*AR33^2+AO33*AR33^3+AP33*AR33^4 -> 116.45124 | AT33: =N34 -> 276.94167 | AU33: =AT33*AS33 -> 32250.201
L34: acrolein | M34: =M13 -> 0.27694167 | N34: =M34*1000 -> 276.94167 | O34: =350+273.15 -> 623.15 | P34: ='heat of reactions'!C23 -> -66.702 | Q34: ='heat of reactions'!D23 -> -0.059478 | R34: ='heat of reactions'!E23 -> 3.8716e-05 | S34: =P34+Q34*O34+R34*O34^2 -> -88.731676 | T34: =S34*N34 -> -24573.498 | V34: IB + 4O2 → 4CO + 4 H2O | Y34: -1406.526 | Z34: 0.0650748 | AA34: -5.77266e-05 | AB34: -1392.2601 | AC34: -1388.3908 | AD34: =M29 -> 5.1234208 | AE34: =AD34*AC34 -> -7113.3103 | AF34: 0.6542 | AG34: =AF34*AC34 -> -908.28526 | AJ34: acryclic acid | AK34: =AW29 -> 0 | AL34: =7.755 -> 7.755 | AM34: =0.29386 -> 0.29386 | AN34: =-0.00020878 -> -0.00020878 | AO34: =0.000000071591 -> 7.1591e-08 | AP34: =-0.000000000009096 -> -9.096e-12 | AQ34: 500 | AR34: =O33 -> 623.15 | AS34: =AL34+AM34*AR34+AN34*AR34^2+AO34*AR34^3+AP34*AR34^4 -> 125.75321 | AT34: =N36 -> 207.70625 | AU34: =AT34*AS34 -> 26119.727
L35: formaldehyde | M35: =M14 -> 0.20770625 | N35: =M35*1000 -> 207.70625 | O35: =350+273.15 -> 623.15 | P35: ='heat of reactions'!C20 -> -109.671 | Q35: ='heat of reactions'!D20 -> -0.023151 | R35: ='heat of reactions'!E20 -> 7.8697e-06 | S35: =P35+Q35*O35+R35*O35^2 -> -121.04162 | T35: =S35*N35 -> -25141.1 | V35: IB + 2.5 O2 → Acroelin + CO2 + 2H2O | Y35: -941.07 | Z35: -0.00221387 | AA35: 6.2337e-06 | AB35: -941.17616 | AC35: -940.02893 | AD35: =N34 -> 276.94167 | AE35: =AD35*AC35 -> -260333.18 | AF35: 0.5194 | AG35: =AF35*AC35 -> -488.25103 | AJ35: acetone | AK35: 329.44 | AL35: =35.918 -> 35.918 | AM35: =0.093896 -> 0.093896 | AN35: =0.0001873 -> 0.0001873 | AO35: =-0.00000021643 -> -2.1643e-07 | AP35: =0.000000000063174 -> 6.3174e-11 | AQ35: 500 | AR35: =O34 -> 623.15 | AS35: =AL35+AM35*AR35+AN35*AR35^2+AO35*AR35^3+AP35*AR35^4 -> 124.3153 | AT35: =N32 -> 830.825 | AU35: =AT35*AS35 -> 103284.26
L36: acrylic acid | M36: =M15 -> 0.20770625 | N36: =M36*1000 -> 207.70625 | O36: =350+273.15 -> 623.15 | P36: ='heat of reactions'!C24 -> -325.038 | Q36: ='heat of reactions'!D24 -> -0.044058 | R36: ='heat of reactions'!E24 -> 2.0926e-05 | S36: =P36+Q36*O36+R36*O36^2 -> -344.36684 | T36: =S36*N36 -> -71527.146 | V36: MAC + 5O2 → 4CO2 + 3H2O | Y36: 0 | Z36: 0 | AA36: 0 | AB36: 0 | AC36: 0 | AD36: 0 | AE36: =AD36*AC36 -> 0 | AF36: 0 | AG36: =AF36*AC36 -> 0 | AJ36: methacrolein | AK36: =AW30 -> 0 | AL36: =14.506 -> 14.506 | AM36: =0.15922 -> 0.15922 | AN36: =0.0003118 -> 0.0003118 | AO36: =-0.000000421 -> -4.21e-07 | AP36: =0.00000000014222 -> 1.4222e-10 | AQ36: 500 | AR36: =O35 -> 623.15 | AS36: =AL36+AM36*AR36+AN36*AR36^2+AO36*AR36^3+AP36*AR36^4 -> 154.37291 | AT36: =N28 -> 34466.502 | AU36: =AT36*AS36 -> 5320694.2
L37: O2 | M37: =M16 -> 26.35 | N37: =M37*1000 -> 26350 | O37: =350+273.15 -> 623.15 | P37: 0 | Q37: 0 | R37: 0 | S37: =P37+Q37*O37+R37*O37^2 -> 0 | T37: =S37*N37 -> 0 | V37: MAC + 3O2 → 4CO + 3H2O | Y37: 0 | Z37: 0 | AA37: 0 | AB37: 0 | AC37: 0 | AD37: 0 | AE37: =AD37*AC37 -> 0 | AF37: 0 | AG37: =AF37*AC37 -> 0 | AJ37: methacrylic acid | AK37: =435 -> 435 | AL37: =-28.131 -> -28.131 | AM37: =0.54744 -> 0.54744 | AN37: =-0.00053877 -> -0.00053877 | AO37: 2.8583e-07 | AP37: =-0.000000000060864 -> -6.0864e-11 | AQ37: 500 | AR37: =O36 -> 623.15 | AS37: =AL37+AM37*AR37+AN37*AR37^2+AO37*AR37^3+AP37*AR37^4 -> 163.78051 | AT37: =N30 -> 1453.9437 | AU37: =AT37*AS37 -> 238127.64
L38: N2 | M38: =M17 -> 296.04545 | N38: =M38*1000 -> 296045.45 | O38: =350+273.15 -> 623.15 | P38: 0 | Q38: 0 | R38: 0 | S38: =P38+Q38*O38+R38*O38^2 -> 0 | T38: =S38*N38 -> 0 | V38: IB + O2 → Acetone + Formaldehyde | Y38: -312.972 | Z38: -0.013009 | AA38: 3.7847e-06 | AB38: -316.51259 | AC38: -319.6089 | AD38: =N32 -> 830.825 | AE38: =AD38*AC38 -> -265539.06 | AF38: 0.6115 | AG38: =AF38*AC38 -> -195.44084 | AJ38: water | AK38: 373.15 | AL38: 33.933 | AM38: -0.0084186 | AN38: 2.9906e-05 | AO38: -1.7825e-08 | AP38: 3.6934e-12 | AQ38: 500 | AR38: =O38 -> 623.15 | AS38: =AL38+AM38*AR38+AN38*AR38^2+AO38*AR38^3+AP38*AR38^4 -> 36.543574 | AT38: =N40 -> 113372.06 | AU38: =AT38*AS38 -> 4143020.2
L39: CO2 | M39: =M18 -> 7.5568959 | N39: =M39*1000 -> 7556.8959 | O39: =350+273.15 -> 623.15 | P39: ='heat of reactions'!C19 -> -393.422 | Q39: ='heat of reactions'!D19 -> 0.00015013 | R39: ='heat of reactions'!E19 -> -1.3945e-06 | S39: =P39+Q39*O39+R39*O39^2 -> -393.86995 | T39: =S39*N39 -> -2976434.2 | V39: Formaldehyde + 0.5O2 → co | Y39: 0 | Z39: 0 | AA39: 0 | AB39: 0 | AC39: 0 | AD39: 0 | AE39: =AD39*AC39 -> 0 | AF39: 0.5718 | AG39: =AF39*AC39 -> 0 | AJ39: Isobutylene | AL39: =32.918 -> 32.918 | AM39: =0.18546 -> 0.18546 | AN39: =0.000077876 -> 7.7876e-05 | AO39: =-0.00000014654 -> -1.4654e-07 | AP39: =0.000000000046867 -> 4.6867e-11 | AQ39: 500 | AR39: =O40 -> 623.15 | AS39: =AL39+AM39*AR39+AN39*AR39^2+AO39*AR39^3+AP39*AR39^4 -> 150.33532 | AT39: =N27 -> 167 | AU39: =AT39*AS39 -> 25105.998
L40: steam | M40: =M19 -> 113.37206 | N40: =M40*1000 -> 113372.06 | O40: =350+273.15 -> 623.15 | P40: ='heat of reactions'!C29 -> -238.41 | Q40: ='heat of reactions'!D29 -> -0.012256 | R40: ='heat of reactions'!E29 -> 2.7656e-06 | S40: =P40+Q40*O40+R40*O40^2 -> -244.9734 | T40: =S40*N40 -> -27773139 | V40: Formaldehyde + O2 → CO2 + H2O | Y40: -522.161 | Z40: 0.01104513 | AA40: -6.4986e-06 | AB40: -519.44665 | AC40: -517.80174 | AD40: =N35 -> 207.70625 | AE40: =AD40*AC40 -> -107550.66 | AF40: 0 | AG40: =AF40*AC40 -> 0 | AJ40: N2 | AL40: 29.342 | AM40: -0.035395 | AN40: 1.0076e-05 | AO40: -4.3116e-09 | AP40: 2.6e-13 | AQ40: 500 | AR40: =623.15 -> 623.15 | AS40: =AL40 -> 29.342 | AT40: =N38 -> 296045.45 | AU40: =AT40*AS40 -> 8686565.7
L41: total | M41: =M21 -> 488.96634 | N41: =SUM(N27:N40) -> 488966.34 | T41: =SUM(T27:T40) -> -41632660 | AC41: =SUM(AC27:AC40) -> -12404.201 | AE41: =SUM(AE27:AE40) -> -20546858 | AG41: =SUM(AG27:AG40) -> -24090.756 | AJ41: O2 | AL41: 29.526 | AM41: -0.0089 | AN41: 3.81e-05 | AO41: -3.2e-08 | AP41: 8.9e-12 | AQ41: =AQ40 -> 500 | AR41: =AR40 -> 623.15 | AS41: =AL41+AM41*AR41+AN41*AR41^2+AO41*AR41^3+AP41*AR41^4 -> 32.373496 | AT41: =N37 -> 26350 | AU41: =AT41*AS41 -> 853041.62
M42: =SUM(M27:M40) -> 488.96634 | N42: =M42*1000 -> 488966.34 | AT42: =SUM(AT28:AT41) -> 488966.34 | AU42: =SUM(AU28:AU41) -> 20235243
AC43: Hrxn*mol ib | AD43: =AC41*1000*N27 -> -2.0715016e+09
M44: Overall Energy Balance | AC44: T_rise | AD44: =AD43/AU42 -> -102.37098 | AE44: K
L45: In – out | M45: =I31-T41 -> 24830899 | N45: kJ/h | AQ45: Cp avg | AR45: =AU42/AT42 -> 41.383713 | AS45: J/molK
M46: =M45/3600 -> 6897.4719 | N46: kJ/s
M47: =M46*1000 -> 6897471.9 | N47: J/s
M48: =M47/10^6 -> 6.8974719 | N48: MW

Sheet elemental balance for r1
B1: flow | D1: number of atoms | H1: elemental flow (kmol/h)
B2: kmol/h | C2: formula | D2: C | E2: H | F2: O | G2: N | H2: C | I2: H | J2: O | K2: N
A3: IB | B3: =r1!D7 -> 41.75 | C3: c4h8 | D3: 4 | E3: 8 | F3: 0 | G3: 0 | H3: =$B3*D3 -> 167 | I3: =$B3*E3 -> 334 | J3: =$B3*F3 -> 0 | K3: =$B3*G3 -> 0
A4: O2 | B4: =r1!D8 -> 83.5 | C4: o2 | D4: 0 | E4: 0 | F4: 2 | G4: 0 | H4: =$B4*D4 -> 0 | I4: =$B4*E4 -> 0 | J4: =$B4*F4 -> 167 | K4: =$B4*G4 -> 0
A5: N2 | B5: =r1!D9 -> 296.04545 | C5: n2 | D5: 0 | E5: 0 | F5: 0 | G5: 2 | H5: =$B5*D5 -> 0 | I5: =$B5*E5 -> 0 | J5: =$B5*F5 -> 0 | K5: =$B5*G5 -> 592.09091
A6: H2O | B6: =r1!D10 -> 62.625 | C6: h2o | D6: 0 | E6: 2 | F6: 1 | G6: 0 | H6: =$B6*D6 -> 0 | I6: =$B6*E6 -> 125.25 | J6: =$B6*F6 -> 62.625 | K6: =$B6*G6 -> 0
H7: =SUM(H3:H6) -> 167 | I7: =SUM(I3:I6) -> 459.25 | J7: =SUM(J3:J6) -> 229.625 | K7: =SUM(K3:K6) -> 592.09091
B9: flow | D9: number of atoms | H9: elemental flow (kmol/h)
B10: kmol/h | C10: formula | D10: C | E10: H | F10: O | G10: N | H10: C | I10: H | J10: O | K10: N
A11: IB | B11: =r1!M6 -> 0.167 | C11: c4h8 | D11: 4 | E11: 8 | F11: 0 | G11: 0 | H11: =$B11*D11 -> 0.668 | I11: =$B11*E11 -> 1.336 | J11: =$B11*F11 -> 0 | K11: =$B11*G11 -> 0
A12: MAC | B12: =r1!M7 -> 34.466502 | C12: C4H6O | D12: 4 | E12: 6 | F12: 1 | G12: 0 | H12: =$B12*D12 -> 137.86601 | I12: =$B12*E12 -> 206.79901 | J12: =$B12*F12 -> 34.466502 | K12: =$B12*G12 -> 0
A13: CO | B13: =r1!M8 -> 5.1234208 | C13: CO | D13: 1 | E13: 0 | F13: 1 | G13: 0 | H13: =$B13*D13 -> 5.1234208 | I13: =$B13*E13 -> 0 | J13: =$B13*F13 -> 5.1234208 | K13: =$B13*G13 -> 0
A14: MAA | B14: =r1!M9 -> 1.4539438 | C14: C4H6O2 | D14: 4 | E14: 6 | F14: 2 | G14: 0 | H14: =$B14*D14 -> 5.815775 | I14: =$B14*E14 -> 8.7236625 | J14: =$B14*F14 -> 2.9078875 | K14: =$B14*G14 -> 0
A15: Acetic ac | B15: =r1!M10 -> 1.4539438 | C15: C2H4O2 | D15: 2 | E15: 4 | F15: 2 | G15: 0 | H15: =$B15*D15 -> 2.9078875 | I15: =$B15*E15 -> 5.815775 | J15: =$B15*F15 -> 2.9078875 | K15: =$B15*G15 -> 0
A16: acetone | B16: =r1!M11 -> 0.830825 | C16: C3H6O | D16: 3 | E16: 2 | F16: 1 | G16: 0 | H16: =$B16*D16 -> 2.492475 | I16: =$B16*E16 -> 1.66165 | J16: =$B16*F16 -> 0.830825 | K16: =$B16*G16 -> 0
A17: acetalde | B17: =r1!M12 -> 1.4539438 | C17: C2H4O | D17: 2 | E17: 4 | F17: 1 | G17: 0 | H17: =$B17*D17 -> 2.9078875 | I17: =$B17*E17 -> 5.815775 | J17: =$B17*F17 -> 1.4539438 | K17: =$B17*G17 -> 0
A18: acrolein | B18: =r1!M13 -> 0.27694167 | C18: C3H4O | D18: 3 | E18: 4 | F18: 1 | G18: 0 | H18: =$B18*D18 -> 0.830825 | I18: =$B18*E18 -> 1.1077667 | J18: =$B18*F18 -> 0.27694167 | K18: =$B18*G18 -> 0
A19: formaldehyde | B19: =r1!M14 -> 0.20770625 | C19: CH2O | D19: 1 | E19: 2 | F19: 1 | G19: 0 | H19: =$B19*D19 -> 0.20770625 | I19: =$B19*E19 -> 0.4154125 | J19: =$B19*F19 -> 0.20770625 | K19: =$B19*G19 -> 0
A20: acrylic acid | B20: =r1!M15 -> 0.20770625 | C20: C3H4O2 | D20: 3 | E20: 4 | F20: 2 | G20: 0 | H20: =$B20*D20 -> 0.62311875 | I20: =$B20*E20 -> 0.830825 | J20: =$B20*F20 -> 0.4154125 | K20: =$B20*G20 -> 0
A21: O2 | B21: =r1!M16 -> 26.35 | C21: O2 | D21: 0 | E21: 0 | F21: 2 | G21: 0 | H21: =$B21*D21 -> 0 | I21: =$B21*E21 -> 0 | J21: =$B21*F21 -> 52.7 | K21: =$B21*G21 -> 0
A22: N2 | B22: =r1!M17 -> 296.04545 | C22: N2 | D22: 0 | E22: 0 | F22: 0 | G22: 2 | H22: =$B22*D22 -> 0 | I22: =$B22*E22 -> 0 | J22: =$B22*F22 -> 0 | K22: =$B22*G22 -> 592.09091
A23: CO2 | B23: 0 | C23: CO2 | D23: 1 | E23: 0 | F23: 2 | G23: 0 | H23: =$B23*D23 -> 0 | I23: =$B23*E23 -> 0 | J23: =$B23*F23 -> 0 | K23: =$B23*G23 -> 0
A24: steam | B24: 0 | C24: H2O | D24: 0 | E24: 2 | F24: 1 | G24: 0 | H24: =$B24*D24 -> 0 | I24: =$B24*E24 -> 0 | J24: =$B24*F24 -> 0 | K24: =$B24*G24 -> 0
A25: formic acid | B25: 0 | C25: CH2O2 | D25: 1 | E25: 2 | F25: 2 | G25: 0 | H25: 0 | I25: 0 | J25: 0 | K25: 0
H26: =SUM(H11:H25) -> 159.4431 | I26: =SUM(I11:I25) -> 232.50588 | J26: =SUM(J11:J25) -> 101.29053 | K26: =SUM(K11:K25) -> 592.09091
G28: uncounted | H28: =H7-H26 -> 7.5568959 | I28: =I7-I26 -> 226.74412 | J28: =J7-J26 -> 128.33447 | K28: =K7-K26 -> 0
G29: let flow rates
G30: CO2 | H30: X
G31: H2O | H31: Y
F34: C | G34: X | H34: =H28 -> 7.5568959
F35: H | G35: 2Y | H35: =I28 -> 226.74412 | I35: =H35/2 -> 113.37206
F36: O | G36: 2X + Y | H36: =J28 -> 128.33447 | I36: =I35+H34 -> 120.92896

Sheet r2
N1: 0.7 vol% methacrolein, 1 mol% CO, 2.28 mol% methacrylic acid, 0.31 mol% acetic acid, 0.12 mol% acetone, 0.21 mol% acetaldehyde, 0.04 mol% acrolein, 0.03 mol% formaldehyde, 0.03 mol% acrylic acid and 6.5 vol% oxygen
I2: C4H6O + 0.5 O2 → C4H6O2
U3: for figuring out how much makeup air we need to add
B5: PG3_1 | C5: =r1!L5 -> mol% | D5: =r1!M5 -> kmol/h | E5: =r1!N5 -> mw | F5: =r1!O5 -> kg/h | N5: ='stream compositions'!C67 -> mol% | O5: ='stream compositions'!D67 -> kmol/h | P5: ='stream compositions'!E67 -> mw | Q5: ='stream compositions'!F67 -> kg/h | R5: ='stream compositions'!G67 -> wt% | U5: side reactions
B6: =r1!K6 -> IB | C6: =r1!L6 -> 0.03415368 | D6: =r1!M6 -> 0.167 | E6: =r1!N6 -> 56 | F6: =r1!O6 -> 3.6066307 | M6: ='stream compositions'!B68 -> MAC | N6: 0.7 | O6: =D7*(1-J7) -> 7.5826305 | P6: 70 | Q6: =O6*P6 -> 530.78413 | R6: =Q6/$Q$20*100 -> 1.5557564
B7: =r1!K7 -> MAC | C7: =r1!L7 -> 7.0488496 | D7: =r1!M7 -> 34.466502 | E7: =r1!N7 -> 70 | F7: =r1!O7 -> 2412.6551 | I7: conv | J7: 0.78 | M7: ='stream compositions'!B69 -> CO | N7: 1 | O7: =N7/100*$O$20 -> 10.832329 | P7: 28 | Q7: =O7*P7 -> 303.30522 | R7: =Q7/$Q$20*100 -> 0.88900366 | U7: IB + O2 → Acetone + Formaldehyde
B8: =r1!K8 -> CO | C8: =r1!L8 -> 1.0478064 | D8: =r1!M8 -> 5.1234208 | E8: =r1!N8 -> 28 | F8: =r1!O8 -> 143.45578 | I8: selectivity | J8: 0.85 | M8: ='stream compositions'!B70 -> MAA | N8: 2.28 | O8: =N8/100*$O$20 -> 24.697711 | P8: 86 | Q8: =O8*P8 -> 2124.0031 | R8: =Q8/$Q$20*100 -> 6.2255656 | U8: MAC +3O2 → Acetic acid + CO2 + H2O
B9: =r1!K9 -> MAA | C9: =r1!L9 -> 0.29735048 | D9: =r1!M9 -> 1.4539438 | E9: =r1!N9 -> 86 | F9: =r1!O9 -> 125.03916 | I9: yield | J9: =J8*J7 -> 0.663 | M9: ='stream compositions'!B71 -> Acetic ac | N9: 0.31 | O9: =N9/100*$O$20 -> 3.3580221 | P9: 60 | Q9: =O9*P9 -> 201.48132 | R9: =Q9/$Q$20*100 -> 0.59055243 | U9: MAC + 2O2 → Acryclic acid + H2O
B10: =r1!K10 -> Acetic ac | C10: =r1!L10 -> 0.29735048 | D10: =r1!M10 -> 1.4539438 | E10: =r1!N10 -> 60 | F10: =r1!O10 -> 87.236625 | M10: ='stream compositions'!B72 -> acetone | N10: 0.12 | O10: =N10/100*$O$20 -> 1.2998795 | P10: 58 | Q10: =O10*P10 -> 75.393011 | R10: =Q10/$Q$20*100 -> 0.22098091 | U10: IB + 2.5 O2 → Acroelin + CO2 + 2H2O
B11: =r1!K11 -> acetone | C11: =r1!L11 -> 0.16991456 | D11: =r1!M11 -> 0.830825 | E11: =r1!N11 -> 58 | F11: =r1!O11 -> 48.18785 | M11: ='stream compositions'!B73 -> acetaldehyde | N11: 0.21 | O11: =N11/100*$O$20 -> 2.2747891 | P11: 44 | Q11: =O11*P11 -> 100.09072 | R11: =Q11/$Q$20*100 -> 0.29337121 | U11: MAC + 1.5O2 → Acrolein + CO2 + H2O
B12: =r1!K12 -> acetalde | C12: =r1!L12 -> 0.29735048 | D12: =r1!M12 -> 1.4539438 | E12: =r1!N12 -> 44 | F12: =r1!O12 -> 63.973525 | M12: ='stream compositions'!B74 -> acrolein | N12: 0.04 | O12: =N12/100*$O$20 -> 0.43329317 | P12: 56 | Q12: =O12*P12 -> 24.264417 | R12: =Q12/$Q$20*100 -> 0.071120293 | U12: MAC + 2.5O2 → Acetaldehyde + 2CO2 + H2O
B13: =r1!K13 -> acrolein | C13: =r1!L13 -> 0.056638186 | D13: =r1!M13 -> 0.27694167 | E13: =r1!N13 -> 56 | F13: =r1!O13 -> 15.508733 | M13: ='stream compositions'!B75 -> formaldehyde | N13: 0.03 | O13: =N13/100*$O$20 -> 0.32496988 | P13: 30 | Q13: =O13*P13 -> 9.7490963 | R13: =Q13/$Q$20*100 -> 0.028575118
B14: =r1!K14 -> formaldehyde | C14: =r1!L14 -> 0.042478639 | D14: =r1!M14 -> 0.20770625 | E14: =r1!N14 -> 30 | F14: =r1!O14 -> 6.2311875 | M14: ='stream compositions'!B76 -> acrylic acid | N14: 0.03 | O14: =N14/100*$O$20 -> 0.32496988 | P14: 72 | Q14: =O14*P14 -> 23.397831 | R14: =Q14/$Q$20*100 -> 0.068580282 | U14: so based on this
B15: =r1!K15 -> acrylic acid | C15: =r1!L15 -> 0.042478639 | D15: =r1!M15 -> 0.20770625 | E15: =r1!N15 -> 72 | F15: =r1!O15 -> 14.95485 | M15: ='stream compositions'!B77 -> oxygen | N15: 6.5 | O15: =N15/100*$O$20 -> 70.41014 | P15: 32 | Q15: =O15*P15 -> 2253.1245 | R15: =Q15/$Q$20*100 -> 6.6040272
B16: =r1!K16 -> O2 | C16: =r1!L16 -> 5.388919 | D16: =r1!M16 -> 26.35 | E16: =r1!N16 -> 32 | F16: =r1!O16 -> 843.2 | M16: ='stream compositions'!B78 -> steam | N16: =O16/$O$20*100 -> 18.983771 | O16: =Q16/P16 -> 205.63846 | P16: 18 | Q16: =quencher!F22 -> 3701.4923 | R16: =Q16/$Q$20*100 -> 10.84927 | U16: IB/MAC | V16: product | W16: moles of O2 per mole | X16: product moles | Y16: Reactant moles | Z16: product in system | AA16: moles O2 | AC16: now we can also see that some moles of Formaldehyde get converted to CO2 and O2
B17: =r1!K17 -> N2 | C17: =r1!L17 -> 60.54516 | D17: =r1!M17 -> 296.04545 | E17: =r1!N17 -> 28 | F17: =r1!O17 -> 8289.2727 | M17: ='stream compositions'!B79 -> CO2 | N17: =O17/$O$20*100 -> 3.3235859 | O17: =Q17/P17 -> 36.002176 | P17: 44 | Q17: =quencher!F23 -> 1584.0958 | R17: =Q17/$Q$20*100 -> 4.6430686 | U17: IB | V17: Acetone | W17: 1 | X17: 1 | Y17: 1 | Z17: =Q26 -> 0.46905451 | AA17: =W17*Z17 -> 0.46905451 | AC17: reactant | AD17: product | AE17: O2 per mole reactant | AF17: Reacting moles | AG17: moles O2 used
B18: =r1!K18 -> CO2 | C18: =r1!L18 -> 1.5454839 | D18: =r1!M18 -> 7.5568959 | E18: =r1!N18 -> 44 | F18: =r1!O18 -> 332.50342 | M18: ='stream compositions'!B80 -> N2 | N18: =O18/$O$20*100 -> 76.425265 | O18: =I23+D17 -> 827.86364 | P18: 28 | Q18: =O18*P18 -> 23180.182 | R18: =Q18/$Q$20*100 -> 67.942341 | U18: MAC | V18: Acetic acid | W18: 3 | X18: 1 | Y18: 1 | Z18: =Q27 -> 1.9040783 | AA18: =W18*Z18 -> 5.7122349 | AC18: formaldehyde | AD18: CO, CO2 | AE18: 0.5 | AF18: =O10-O13 -> 0.97490963 | AG18: =AF18*AE18 -> 0.48745481
B19: =r1!K19 -> steam | C19: =r1!L19 -> 23.186066 | D19: =r1!M19 -> 113.37206 | E19: =r1!N19 -> 18 | F19: =r1!O19 -> 2040.6971 | M19: Impurity | N19: =O19/$O$20*100 -> 0.0033748709 | O19: =Q19/P19 -> 0.036557713 | P19: 166 | Q19: =quencher!F25 -> 6.0685803 | R19: =Q19/$Q$20*100 -> 0.01778733 | U19: MAC | V19: Acryclic acid | W19: 2 | X19: 1 | Y19: 1 | Z19: =Q28 -> 0.11726363 | AA19: =W19*Z19 -> 0.23452725
B20: =r1!K20 -> formic acid | C20: =r1!L20 -> 0 | D20: =r1!M20 -> 0 | E20: =r1!N20 -> 46 | F20: =r1!O20 -> 0 | M20: ='stream compositions'!B82 -> Total | O20: =O6/N6% -> 1083.2329 | Q20: =F21+K24 -> 34117.432 | V20: Acrolein | W20: =4 -> 4 | X20: 2 | Y20: 1 | Z20: =Q29 -> 0.1563515 | AA20: =W20*Z20 -> 0.62540601
B21: =r1!K21 -> total | C21: =r1!L21 -> 100 | D21: =r1!M21 -> 488.96634 | E21: =r1!N21 -> 0 | F21: =r1!O21 -> 14426.523 | H21: =U35 -> PG 3 | I21: =V35 -> kmol/h | J21: =W35 -> MW | K21: =X35 -> kg/h | L21: =Y35 -> 0 | U21: MAC | V21: Acetaldehyde | W21: 2.5 | X21: 1 | Y21: 1 | Z21: =Q30 -> 0.82084539 | AA21: =W21*Z21 -> 2.0521135
H22: =U36 -> O2 | I22: =V36 -> 150 | J22: =W36 -> 32 | K22: =X36 -> 4800 | L22: =Y36 -> 0 | R22: =SUM(Q6:Q19) -> 34117.432 | V22: formaldehyde | W22: 1 | X22: 1 | Y22: 1 | Z22: =Q31 -> 0.11726363 | AA22: =W22*Z22 -> 0.11726363
H23: =U37 -> N2 | I23: =V37 -> 531.81818 | J23: =W37 -> 28 | K23: =X37 -> 14890.909 | L23: =Y37 -> 0
I24: =V38 -> 681.81818 | K24: =X38 -> 19690.909 | L24: =Y38 -> 472581.82 | AA24: =SUM(AA17:AA22) -> 9.2105998
N25: Side products | O25: In | P25: out | Q25: difference | U25: Moles of O2 to given MAA
N26: Acetone | O26: =D11 -> 0.830825 | P26: =O10 -> 1.2998795 | Q26: =P26-O26 -> 0.46905451 | U26: =D7*J7*0.5 -> 13.441936
N27: Acetic acid | O27: =D10 -> 1.4539438 | P27: =O9 -> 3.3580221 | Q27: =P27-O27 -> 1.9040783 | U27: moles of O2 remaining unreacted
N28: Acryclic acid | O28: =D15 -> 0.20770625 | P28: =O14 -> 0.32496988 | Q28: =P28-O28 -> 0.11726363 | U28: =D16-U26-AG18 -> 12.420609
N29: Acrolein | O29: =D13 -> 0.27694167 | P29: =O12 -> 0.43329317 | Q29: =P29-O29 -> 0.1563515
N30: Acetaldehyde | O30: =D12 -> 1.4539438 | P30: =O11 -> 2.2747891 | Q30: =P30-O30 -> 0.82084539 | U30: moles of O2 added
N31: Formaldehyde | O31: =D14 -> 0.20770625 | P31: =O13 -> 0.32496988 | Q31: =P31-O31 -> 0.11726363 | U31: =O15-U28 -> 57.989531
U33: hence air added to the system is such that there is 5.4 moles of O2 in the air
U34: recycle air composition
U35: PG 3 | V35: kmol/h | W35: MW | X35: kg/h
U36: O2 | V36: 150 | W36: 32 | X36: =V36*W36 -> 4800
U37: N2 | V37: =V36/0.22*0.78 -> 531.81818 | W37: 28 | X37: =V37*W37 -> 14890.909
V38: =SUM(V36:V37) -> 681.81818 | X38: =SUM(X36:X37) -> 19690.909 | Y38: =X38*24 -> 472581.82
Y39: =Y38+r1!G12 -> 735652.36
G41: Cp | M41: cooling req (T1 → T2)
A42: INLET | B42: kmol/h | C42: mol/h | D42: T_1 | E42: T_2 | F42: H @ T1 | G42: A | H42: B | I42: C | J42: D | K42: E | L42: H@ T2 | M42: ΔH (J/h) | P42: outlet | Q42: kmol/h | R42: mol/h | S42: T | T42: T_amb | U42: A | V42: B | W42: C | X42: D | Y42: E | Z42: Sensible heat at T (J/h) | AA42: ΔH_form (kJ/molh) | AB42: ΔH_form (kJ/h)
A43: =B6 -> IB | B43: =D6 -> 0.167 | C43: =B43*1000 -> 167 | D43: =r1!O27 -> 623.15 | E43: =245+273.15 -> 518.15 | F43: =r1!AA27 -> 1.89756e-05 | G43: =r1!V27 -> IB + O2 → MAC + H2O | H43: =r1!W27 -> 0 | I43: =r1!X27 -> 0 | J43: =r1!Y27 -> -333.418 | K43: =r1!Z27 -> -0.01744 | L43: =C43*(G43*E43+H43/2*E43^2+I43/3*E43^3+J43/4*E43^4+K43/5*E43^5) -> #VALUE! | M43: =-(L43-F43) -> #VALUE! | P43: =M6 -> MAC | Q43: =O6 -> 7.5826305 | R43: =Q43*1000 -> 7582.6305 | S43: =305+273.15 -> 578.15 | T43: 298 | U43: 14.506 | V43: 0.15922 | W43: 0.0003118 | X43: -4.21e-07 | Y43: 1.4222e-10 | Z43: =R43*(U43*S43+V43/2*S43^2+W43/3*S43^3+X43/4*S43^4+Y43/5*S43^5) -> 3.4243214e+08 | AA43: ='heat of reactions'!Q9 -> -337.17153 | AB43: =R43*AA43 -> -2556647.1
A44: =B7 -> MAC | B44: =D7 -> 34.466502 | C44: =B44*1000 -> 34466.502 | D44: =r1!O28 -> 623.15 | E44: =245+273.15 -> 518.15 | F44: =r1!AA28 -> 0.00029454092 | G44: =r1!V28 -> IB + 1.5 O2 → MAA + H2O | H44: =r1!W28 -> 0 | I44: =r1!X28 -> 0 | J44: =r1!Y28 -> -339.158 | K44: =r1!Z28 -> 0.039334389 | L44: =C44*(G44*E44+H44/2*E44^2+I44/3*E44^3+J44/4*E44^4+K44/5*E44^5) -> #VALUE! | M44: =-(L44-F44) -> #VALUE! | P44: =M7 -> CO | Q44: =O7 -> 10.832329 | R44: =Q44*1000 -> 10832.329 | S44: =305+273.15 -> 578.15 | T44: 298 | U44: 29.556 | V44: -0.0065807 | W44: 2.013e-05 | X44: -1.2227e-08 | Y44: 2.6717e-12 | Z44: =R44*(U44*S44+V44/2*S44^2+W44/3*S44^3+X44/4*S44^4+Y44/5*S44^5) -> 1.8390785e+08 | AA44: ='heat of reactions'!Q8 -> -3573.6793 | AB44: =R44*AA44 -> -38711271
A45: =B8 -> CO | B45: =D8 -> 5.1234208 | C45: =B45*1000 -> 5123.4208 | D45: =r1!O29 -> 623.15 | E45: =245+273.15 -> 518.15 | F45: =r1!AA29 -> -6.3467e-06 | G45: =r1!V29 -> IB +5O2 → Acetic acid + CO2 + 3H2O | H45: =r1!W29 -> 0 | I45: =r1!X29 -> 0 | J45: =r1!Y29 -> -1535.362 | K45: =r1!Z29 -> -4.7903919 | L45: =C45*(G45*E45+H45/2*E45^2+I45/3*E45^3+J45/4*E45^4+K45/5*E45^5) -> #VALUE! | M45: =-(L45-F45) -> #VALUE! | P45: =M8 -> MAA | Q45: =O8 -> 24.697711 | R45: =Q45*1000 -> 24697.711 | S45: =305+273.15 -> 578.15 | T45: 298 | U45: -28.131 | V45: 0.54744 | W45: -0.00053877 | X45: 2.8583e-07 | Y45: -6.0864e-11 | Z45: =R45*(U45*S45+V45/2*S45^2+W45/3*S45^3+X45/4*S45^4+Y45/5*S45^5) -> 1.1785887e+09 | AA45: ='heat of reactions'!Q10 -> -219.10142 | AB45: =R45*AA45 -> -5411303.4
A46: =B9 -> MAA | B46: =D9 -> 1.4539438 | C46: =B46*1000 -> 1453.9437 | D46: =r1!O30 -> 623.15 | E46: =245+273.15 -> 518.15 | F46: =r1!AA30 -> -1.01618e-05 | G46: =r1!V30 -> IB + 3O2 → Acryclic acid + 2H2O | H46: =r1!W30 -> 0 | I46: =r1!X30 -> 0 | J46: =r1!Y30 -> -805.984 | K46: =r1!Z30 -> 0.013056 | L46: =C46*(G46*E46+H46/2*E46^2+I46/3*E46^3+J46/4*E46^4+K46/5*E46^5) -> #VALUE! | M46: =-(L46-F46) -> #VALUE! | P46: =M9 -> Acetic ac | Q46: =O9 -> 3.3580221 | R46: =Q46*1000 -> 3358.0221 | S46: =305+273.15 -> 578.15 | T46: 298 | U46: 34.85 | V46: 0.037626 | W46: 0.00028311 | X46: -3.0767e-07 | Y46: 9.2646e-11 | Z46: =R46*(U46*S46+V46/2*S46^2+W46/3*S46^3+X46/4*S46^4+Y46/5*S46^5) -> 1.2517721e+08 | AA46: ='heat of reactions'!Q3 -> -3710.9396 | AB46: =R46*AA46 -> -12461417
A47: =B10 -> Acetic ac | B47: =D10 -> 1.4539438 | C47: =B47*1000 -> 1453.9437 | D47: =r1!O31 -> 623.15 | E47: =245+273.15 -> 518.15 | F47: =r1!AA31 -> 0 | G47: =r1!V31 -> IB + 2.5O2 → Acrolein + CO2 +2 H2O | H47: =r1!W31 -> 0 | I47: =r1!X31 -> 0 | J47: =r1!Y31 -> 0 | K47: =r1!Z31 -> 0 | L47: =C47*(G47*E47+H47/2*E47^2+I47/3*E47^3+J47/4*E47^4+K47/5*E47^5) -> #VALUE! | M47: =-(L47-F47) -> #VALUE! | P47: =M10 -> acetone | Q47: =O10 -> 1.2998795 | R47: =Q47*1000 -> 1299.8795 | S47: =305+273.15 -> 578.15 | T47: 298 | U47: 35.918 | V47: 0.093896 | W47: 0.0001873 | X47: -2.1643e-07 | Y47: 6.3174e-11 | Z47: =R47*(U47*S47+V47/2*S47^2+W47/3*S47^3+X47/4*S47^4+Y47/5*S47^5) -> 56278071 | AA47: ='heat of reactions'!Q2 -> -319.20216 | AB47: =R47*AA47 -> -414924.34
A48: =B11 -> acetone | B48: =D11 -> 0.830825 | C48: =B48*1000 -> 830.825 | D48: =r1!O32 -> 623.15 | E48: =245+273.15 -> 518.15 | F48: =r1!AA32 -> -2.68938e-05 | G48: =r1!V32 -> IB + 3O2 → Acetaldehyde + 2CO + 2H2O | H48: =r1!W32 -> 0 | I48: =r1!X32 -> 0 | J48: =r1!Y32 -> -859.448 | K48: =r1!Z32 -> 0.0261844 | L48: =C48*(G48*E48+H48/2*E48^2+I48/3*E48^3+J48/4*E48^4+K48/5*E48^5) -> #VALUE! | M48: =-(L48-F48) -> #VALUE! | P48: =M11 -> acetaldehyde | Q48: =O11 -> 2.2747891 | R48: =Q48*1000 -> 2274.7891 | S48: =305+273.15 -> 578.15 | T48: 298 | U48: 34.14 | V48: 0.04002 | W48: 0.00015634 | X48: -1.6445e-07 | Y48: 4.7248e-11 | Z48: =R48*(U48*S48+V48/2*S48^2+W48/3*S48^3+X48/4*S48^4+Y48/5*S48^5) -> 73963554 | AA48: ='heat of reactions'!Q6 -> -1083.3443 | AB48: =R48*AA48 -> -2464379.8
A49: =B12 -> acetalde | B49: =D12 -> 1.4539438 | C49: =B49*1000 -> 1453.9437 | D49: =r1!O33 -> 623.15 | E49: =245+273.15 -> 518.15 | F49: =r1!AA33 -> -3.11346e-05 | G49: =r1!V33 -> IB + 6O2 → 4CO2 + 4 H2O | H49: =r1!W33 -> 0 | I49: =r1!X33 -> 0 | J49: =r1!Y33 -> -2531.454 | K49: =r1!Z33 -> 0.03320252 | L49: =C49*(G49*E49+H49/2*E49^2+I49/3*E49^3+J49/4*E49^4+K49/5*E49^5) -> #VALUE! | M49: =-(L49-F49) -> #VALUE! | P49: =M12 -> acrolein | Q49: =O12 -> 0.43329317 | R49: =Q49*1000 -> 433.29317 | S49: =305+273.15 -> 578.15 | T49: 298 | U49: 109.243 | V49: -0.50952 | W49: 0.0017059 | X49: -1.8068e-06 | Y49: 6.5983e-10 | Z49: =R49*(U49*S49+V49/2*S49^2+W49/3*S49^3+X49/4*S49^4+Y49/5*S49^5) -> 19909478 | AA49: ='heat of reactions'!Q5 -> -1543.3909 | AB49: =R49*AA49 -> -668740.73
A50: =B13 -> acrolein | B50: =D13 -> 0.27694167 | C50: =B50*1000 -> 276.94167 | D50: =r1!O34 -> 623.15 | E50: =245+273.15 -> 518.15 | F50: =r1!AA34 -> -5.77266e-05 | G50: =r1!V34 -> IB + 4O2 → 4CO + 4 H2O | H50: =r1!W34 -> 0 | I50: =r1!X34 -> 0 | J50: =r1!Y34 -> -1406.526 | K50: =r1!Z34 -> 0.0650748 | L50: =C50*(G50*E50+H50/2*E50^2+I50/3*E50^3+J50/4*E50^4+K50/5*E50^5) -> #VALUE! | M50: =-(L50-F50) -> #VALUE! | P50: =M13 -> formaldehyde | Q50: =O13 -> 0.32496988 | R50: =Q50*1000 -> 324.96988 | S50: =305+273.15 -> 578.15 | T50: 298 | U50: 34.428 | V50: -0.029779 | W50: 0.00015104 | X50: -1.2733e-07 | Y50: 3.3887e-11 | Z50: =R50*(U50*S50+V50/2*S50^2+W50/3*S50^3+X50/4*S50^4+Y50/5*S50^5) -> 6999321.4 | AA50: ='heat of reactions'!Q11 -> 752.30053 | AB50: =R50*AA50 -> 244475.01
A51: =B14 -> formaldehyde | B51: =D14 -> 0.20770625 | C51: =B51*1000 -> 207.70625 | D51: =r1!O35 -> 623.15 | E51: =245+273.15 -> 518.15 | F51: =r1!AA35 -> 6.2337e-06 | G51: =r1!V35 -> IB + 2.5 O2 → Acroelin + CO2 + 2H2O | H51: =r1!W35 -> 0 | I51: =r1!X35 -> 0 | J51: =r1!Y35 -> -941.07 | K51: =r1!Z35 -> -0.00221387 | L51: =C51*(G51*E51+H51/2*E51^2+I51/3*E51^3+J51/4*E51^4+K51/5*E51^5) -> #VALUE! | M51: =-(L51-F51) -> #VALUE! | P51: =M14 -> acrylic acid | Q51: =O14 -> 0.32496988 | R51: =Q51*1000 -> 324.96988 | S51: =305+273.15 -> 578.15 | T51: 298 | U51: 7.755 | V51: 0.29386 | W51: -0.00020878 | X51: 7.1591e-08 | Y51: -9.096e-12 | Z51: =R51*(U51*S51+V51/2*S51^2+W51/3*S51^3+X51/4*S51^4+Y51/5*S51^5) -> 13658220 | AA51: ='heat of reactions'!Q4 -> -464.66481 | AB51: =R51*AA51 -> -151002.06
A52: =B15 -> acrylic acid | B52: =D15 -> 0.20770625 | C52: =B52*1000 -> 207.70625 | D52: =r1!O36 -> 623.15 | E52: =245+273.15 -> 518.15 | F52: =r1!AA36 -> 0 | G52: =r1!V36 -> MAC + 5O2 → 4CO2 + 3H2O | H52: =r1!W36 -> 0 | I52: =r1!X36 -> 0 | J52: =r1!Y36 -> 0 | K52: =r1!Z36 -> 0 | L52: =C52*(G52*E52+H52/2*E52^2+I52/3*E52^3+J52/4*E52^4+K52/5*E52^5) -> #VALUE! | M52: =-(L52-F52) -> #VALUE! | P52: =M15 -> oxygen | Q52: =O15 -> 70.41014 | R52: =Q52*1000 -> 70410.14 | S52: =305+273.15 -> 578.15 | T52: 298 | U52: =r1!AL41 -> 29.526 | V52: =r1!AM41 -> -0.0089 | W52: =r1!AN41 -> 3.81e-05 | X52: =r1!AO41 -> -3.2e-08 | Y52: =r1!AP41 -> 8.9e-12 | Z52: =R52*(U52*S52+V52/2*S52^2+W52/3*S52^3+X52/4*S52^4+Y52/5*S52^5) -> 1.2151702e+09 | AA52: =0 -> 0 | AB52: =R52*AA52 -> 0
A53: =B16 -> O2 | B53: =D16+I22 -> 176.35 | C53: =B53*1000 -> 176350 | D53: =r1!O37 -> 623.15 | E53: =245+273.15 -> 518.15 | F53: =C53*(G53*D53+H53/2*D53^2+I53/3*D53^3+J53/4*D53^4+K53/5*D53^5) -> #VALUE! | G53: =r1!V37 -> MAC + 3O2 → 4CO + 3H2O | H53: =r1!W37 -> 0 | I53: =r1!X37 -> 0 | J53: =r1!Y37 -> 0 | K53: =r1!Z37 -> 0 | L53: =C53*(G53*E53+H53/2*E53^2+I53/3*E53^3+J53/4*E53^4+K53/5*E53^5) -> #VALUE! | M53: =-(L53-F53) -> #VALUE! | P53: =M16 -> steam | Q53: =O16 -> 205.63846 | R53: =Q53*1000 -> 205638.46 | S53: =305+273.15 -> 578.15 | T53: 298 | U53: =r1!AL38 -> 33.933 | V53: =r1!AM38 -> -0.0084186 | W53: =r1!AN38 -> 2.9906e-05 | X53: =r1!AO38 -> -1.7825e-08 | Y53: =r1!AP38 -> 3.6934e-12 | Z53: =R53*(U53*S53+V53/2*S53^2+W53/3*S53^3+X53/4*S53^4+Y53/5*S53^5) -> 4.0485392e+09 | AA53: 0 | AB53: =R53*AA53 -> 0
A54: =B17 -> N2 | B54: =D17+I23 -> 827.86364 | C54: =B54*1000 -> 827863.64 | D54: =r1!O38 -> 623.15 | E54: =245+273.15 -> 518.15 | F54: =C54*(G54*D54+H54/2*D54^2+I54/3*D54^3+J54/4*D54^4+K54/5*D54^5) -> #VALUE! | G54: =r1!V38 -> IB + O2 → Acetone + Formaldehyde | H54: =r1!W38 -> 0 | I54: =r1!X38 -> 0 | J54: =r1!Y38 -> -312.972 | K54: =r1!Z38 -> -0.013009 | L54: =C54*(G54*E54+H54/2*E54^2+I54/3*E54^3+J54/4*E54^4+K54/5*E54^5) -> #VALUE! | M54: =-(L54-F54) -> #VALUE! | P54: =M17 -> CO2 | Q54: =O17 -> 36.002176 | R54: =Q54*1000 -> 36002.176 | S54: =305+273.15 -> 578.15 | T54: 298 | U54: 27.437 | V54: 0.042315 | W54: -1.9555e-05 | X54: 3.9968e-09 | Y54: -2.9872e-13 | Z54: =R54*(U54*S54+V54/2*S54^2+W54/3*S54^3+X54/4*S54^4+Y54/5*S54^5) -> 7.8423031e+08 | AA54: ='heat of reactions'!Q7 -> -4708.1421 | AB54: =R54*AA54 -> -1.6950336e+08
A55: =B18 -> CO2 | B55: =D18 -> 7.5568959 | C55: =B55*1000 -> 7556.8959 | D55: =r1!O39 -> 623.15 | E55: =245+273.15 -> 518.15 | F55: =r1!AA39 -> 0 | G55: =r1!V39 -> Formaldehyde + 0.5O2 → co | H55: =r1!W39 -> 0 | I55: =r1!X39 -> 0 | J55: =r1!Y39 -> 0 | K55: =r1!Z39 -> 0 | L55: =C55*(G55*E55+H55/2*E55^2+I55/3*E55^3+J55/4*E55^4+K55/5*E55^5) -> #VALUE! | M55: =-(L55-F55) -> #VALUE! | P55: =M18 -> N2 | Q55: =O18 -> 827.86364 | R55: =Q55*1000 -> 827863.64 | S55: =305+273.15 -> 578.15 | T55: 298 | U55: =r1!AL40 -> 29.342 | V55: =r1!AM40 -> -0.035395 | W55: =r1!AN40 -> 1.0076e-05 | X55: =r1!AO40 -> -4.3116e-09 | Y55: =r1!AP40 -> 2.6e-13 | Z55: =R55*(U55*S55+V55/2*S55^2+W55/3*S55^3+X55/4*S55^4+Y55/5*S55^5) -> 9.5871157e+09 | AA55: 0 | AB55: =R55*AA55 -> 0
A56: =B19 -> steam | B56: =D19 -> 113.37206 | C56: =B56*1000 -> 113372.06 | D56: =r1!O40 -> 623.15 | E56: =245+273.15 -> 518.15 | F56: =r1!AA40 -> -6.4986e-06 | G56: =r1!V40 -> Formaldehyde + O2 → CO2 + H2O | H56: =r1!W40 -> 0 | I56: =r1!X40 -> 0 | J56: =r1!Y40 -> -522.161 | K56: =r1!Z40 -> 0.01104513 | L56: =C56*(G56*E56+H56/2*E56^2+I56/3*E56^3+J56/4*E56^4+K56/5*E56^5) -> #VALUE! | M56: =-(L56-F56) -> #VALUE! | P56: =M19 -> Impurity | Q56: =O19 -> 0.036557713 | R56: =Q56*1000 -> 36.557713 | S56: =305+273.15 -> 578.15 | T56: 298 | U56: -48.374 | V56: 0.69316 | W56: -0.00041468 | X56: 7.2672e-08 | Y56: 8.1593e-12 | Z56: =R56*(U56*S56+V56/2*S56^2+W56/3*S56^3+X56/4*S56^4+Y56/5*S56^5) -> 2314189.6 | AA56: 0 | AB56: =R56*AA56 -> 0
A57: Total | C57: =SUM(C43:C56) -> 1170784.5 | L57: =SUM(L43:L56) -> #VALUE! | M57: =SUM(M43:M56) -> #VALUE! | P57: =M20 -> Total | Z57: =SUM(Z43:Z56) -> 1.7638284e+10 | AB57: =SUM(AB43:AB56) -> -2.3209857e+08
L59: Cooling inlet gas | M59: =M57/1000 -> #VALUE! | N59: kJ/h
M60: =M59/3600 -> #VALUE! | N60: kW
N62: Overall energy balance
M63: sensible heat | N63: =L57-Z57 -> #VALUE! | O63: J/h
N64: =N63/3600 -> #VALUE! | O64: W
N65: =N64/10^6 -> #VALUE! | O65: MW
F67: =-75.06*19.23*1000 -> -1443403.8 | M67: heat of reaction | N67: =-AB57 -> 2.3209857e+08 | O67: kJ/h
F68: =F67/3600 -> -400.9455 | G68: kW | N68: =N67/3600/1000 -> 64.471826 | O68: MW
M70: cooling required | N70: =N68+N65 -> #VALUE! | O70: MW

Sheet gas cooler
F3: JP2001253846A | H3: patent for gas cooler design
T5: =T8-273.15 -> 180
B7: =r2!M5 -> 0 | C7: =r2!N5 -> mol% | D7: =r2!O5 -> kmol/h | E7: =r2!P5 -> mw | F7: =r2!Q5 -> kg/h | G7: =r2!R5 -> wt% | H7: H @ T1 (J/h) | I7: T1 | N7: PG4_2 | O7: =C7 -> mol% | P7: =D7 -> kmol/h | Q7: =E7 -> mw | R7: =F7 -> kg/h | S7: =G7 -> wt% | T7: Tf | U7: A | V7: B | W7: C | X7: D | Y7: E | Z7: H @ T2 (J/h)
B8: =r2!M6 -> MAC | C8: =r2!N6 -> 0.7 | D8: =r2!O6 -> 7.5826305 | E8: =r2!P6 -> 70 | F8: =r2!Q6 -> 530.78413 | G8: =r2!R6 -> 1.5557564 | H8: =r2!Z43 -> 3.4243214e+08 | I8: =r2!S43 -> 578.15 | N8: =B8 -> MAC | O8: =C8 -> 0.7 | P8: =D8 -> 7.5826305 | Q8: =E8 -> 70 | R8: =F8 -> 530.78413 | S8: =G8 -> 1.5557564 | T8: =453.15 -> 453.15 | U8: 14.506 | V8: 0.15922 | W8: 0.0003118 | X8: -4.21e-07 | Y8: 1.4222e-10 | Z8: =P8*1000*(U8*T8+V8/2*T8^2+W8/3*T8^3+X8/4*T8^4+Y8/5*T8^5) -> 2.1760319e+08
B9: =r2!M7 -> CO | C9: =r2!N7 -> 1 | D9: =r2!O7 -> 10.832329 | E9: =r2!P7 -> 28 | F9: =r2!Q7 -> 303.30522 | G9: =r2!R7 -> 0.88900366 | H9: =r2!Z44 -> 1.8390785e+08 | I9: =r2!S44 -> 578.15 | N9: =B9 -> CO | O9: =C9 -> 1 | P9: =D9 -> 10.832329 | Q9: =E9 -> 28 | R9: =F9 -> 303.30522 | S9: =G9 -> 0.88900366 | T9: =453.15 -> 453.15 | U9: 29.556 | V9: -0.0065807 | W9: 2.013e-05 | X9: -1.2227e-08 | Y9: 2.6717e-12 | Z9: =P9*1000*(U9*T9+V9/2*T9^2+W9/3*T9^3+X9/4*T9^4+Y9/5*T9^5) -> 1.4323959e+08
B10: =r2!M8 -> MAA | C10: =r2!N8 -> 2.28 | D10: =r2!O8 -> 24.697711 | E10: =r2!P8 -> 86 | F10: =r2!Q8 -> 2124.0031 | G10: =r2!R8 -> 6.2255656 | H10: =r2!Z45 -> 1.1785887e+09 | I10: =r2!S45 -> 578.15 | N10: =B10 -> MAA | O10: =C10 -> 2.28 | P10: =D10 -> 24.697711 | Q10: =E10 -> 86 | R10: =F10 -> 2124.0031 | S10: =G10 -> 6.2255656 | T10: =453.15 -> 453.15 | U10: -28.131 | V10: 0.54744 | W10: -0.00053877 | X10: 2.8583e-07 | Y10: -6.0864e-11 | Z10: =P10*1000*(U10*T10+V10/2*T10^2+W10/3*T10^3+X10/4*T10^4+Y10/5*T10^5) -> 7.2929257e+08
B11: =r2!M9 -> Acetic ac | C11: =r2!N9 -> 0.31 | D11: =r2!O9 -> 3.3580221 | E11: =r2!P9 -> 60 | F11: =r2!Q9 -> 201.48132 | G11: =r2!R9 -> 0.59055243 | H11: =r2!Z46 -> 1.2517721e+08 | I11: =r2!S46 -> 578.15 | N11: =B11 -> Acetic ac | O11: =C11 -> 0.31 | P11: =D11 -> 3.3580221 | Q11: =E11 -> 60 | R11: =F11 -> 201.48132 | S11: =G11 -> 0.59055243 | T11: =453.15 -> 453.15 | U11: 34.85 | V11: 0.037626 | W11: 0.00028311 | X11: -3.0767e-07 | Y11: 9.2646e-11 | Z11: =P11*1000*(U11*T11+V11/2*T11^2+W11/3*T11^3+X11/4*T11^4+Y11/5*T11^5) -> 85788936
B12: =r2!M10 -> acetone | C12: =r2!N10 -> 0.12 | D12: =r2!O10 -> 1.2998795 | E12: =r2!P10 -> 58 | F12: =r2!Q10 -> 75.393011 | G12: =r2!R10 -> 0.22098091 | H12: =r2!Z47 -> 56278071 | I12: =r2!S47 -> 578.15 | N12: =B12 -> acetone | O12: =C12 -> 0.12 | P12: =D12 -> 1.2998795 | Q12: =E12 -> 58 | R12: =F12 -> 75.393011 | S12: =G12 -> 0.22098091 | T12: =453.15 -> 453.15 | U12: 35.918 | V12: 0.093896 | W12: 0.0001873 | X12: -2.1643e-07 | Y12: 6.3174e-11 | Z12: =P12*1000*(U12*T12+V12/2*T12^2+W12/3*T12^3+X12/4*T12^4+Y12/5*T12^5) -> 38588511
B13: =r2!M11 -> acetaldehyde | C13: =r2!N11 -> 0.21 | D13: =r2!O11 -> 2.2747891 | E13: =r2!P11 -> 44 | F13: =r2!Q11 -> 100.09072 | G13: =r2!R11 -> 0.29337121 | H13: =r2!Z48 -> 73963554 | I13: =r2!S48 -> 578.15 | N13: =B13 -> acetaldehyde | O13: =C13 -> 0.21 | P13: =D13 -> 2.2747891 | Q13: =E13 -> 44 | R13: =F13 -> 100.09072 | S13: =G13 -> 0.29337121 | T13: =453.15 -> 453.15 | U13: 34.14 | V13: 0.04002 | W13: 0.00015634 | X13: =0.00000016445 -> 1.6445e-07 | Y13: 4.7248e-11 | Z13: =P13*1000*(U13*T13+V13/2*T13^2+W13/3*T13^3+X13/4*T13^4+Y13/5*T13^5) -> 59924493
B14: =r2!M12 -> acrolein | C14: =r2!N12 -> 0.04 | D14: =r2!O12 -> 0.43329317 | E14: =r2!P12 -> 56 | F14: =r2!Q12 -> 24.264417 | G14: =r2!R12 -> 0.071120293 | H14: =r2!Z49 -> 19909478 | I14: =r2!S49 -> 578.15 | N14: =B14 -> acrolein | O14: =C14 -> 0.04 | P14: =D14 -> 0.43329317 | Q14: =E14 -> 56 | R14: =F14 -> 24.264417 | S14: =G14 -> 0.071120293 | T14: =453.15 -> 453.15 | U14: 109.243 | V14: -0.50952 | W14: 0.0017059 | X14: -1.8068e-06 | Y14: 6.5983e-10 | Z14: =P14*1000*(U14*T14+V14/2*T14^2+W14/3*T14^3+X14/4*T14^4+Y14/5*T14^5) -> 14548790
B15: =r2!M13 -> formaldehyde | C15: =r2!N13 -> 0.03 | D15: =r2!O13 -> 0.32496988 | E15: =r2!P13 -> 30 | F15: =r2!Q13 -> 9.7490963 | G15: =r2!R13 -> 0.028575118 | H15: =r2!Z50 -> 6999321.4 | I15: =r2!S50 -> 578.15 | N15: =B15 -> formaldehyde | O15: =C15 -> 0.03 | P15: =D15 -> 0.32496988 | Q15: =E15 -> 30 | R15: =F15 -> 9.7490963 | S15: =G15 -> 0.028575118 | T15: =453.15 -> 453.15 | U15: 34.428 | V15: -0.029779 | W15: 0.00015104 | X15: -1.2733e-07 | Y15: 3.3887e-11 | Z15: =P15*1000*(U15*T15+V15/2*T15^2+W15/3*T15^3+X15/4*T15^4+Y15/5*T15^5) -> 5204607.1
B16: =r2!M14 -> acrylic acid | C16: =r2!N14 -> 0.03 | D16: =r2!O14 -> 0.32496988 | E16: =r2!P14 -> 72 | F16: =r2!Q14 -> 23.397831 | G16: =r2!R14 -> 0.068580282 | H16: =r2!Z51 -> 13658220 | I16: =r2!S51 -> 578.15 | N16: =B16 -> acrylic acid | O16: =C16 -> 0.03 | P16: =D16 -> 0.32496988 | Q16: =E16 -> 72 | R16: =F16 -> 23.397831 | S16: =G16 -> 0.068580282 | T16: =453.15 -> 453.15 | U16: 7.755 | V16: 0.29386 | W16: -0.00020878 | X16: 7.1591e-08 | Y16: -9.096e-12 | Z16: =P16*1000*(U16*T16+V16/2*T16^2+W16/3*T16^3+X16/4*T16^4+Y16/5*T16^5) -> 9076288.6
B17: =r2!M15 -> oxygen | C17: =r2!N15 -> 6.5 | D17: =r2!O15 -> 70.41014 | E17: =r2!P15 -> 32 | F17: =r2!Q15 -> 2253.1245 | G17: =r2!R15 -> 6.6040272 | H17: =r2!Z52 -> 1.2151702e+09 | I17: =r2!S52 -> 578.15 | N17: =B17 -> oxygen | O17: =C17 -> 6.5 | P17: =D17 -> 70.41014 | Q17: =E17 -> 32 | R17: =F17 -> 2253.1245 | S17: =G17 -> 6.6040272 | T17: =453.15 -> 453.15 | U17: 31.32234 | V17: -0.02023531 | W17: 5.786644e-05 | X17: -3.650624e-08 | Y17: 7.374e-15 | Z17: =P17*1000*(U17*T17+V17/2*T17^2+W17/3*T17^3+X17/4*T17^4+Y17/5*T17^5) -> 9.5237922e+08
B18: =r2!M16 -> steam | C18: =r2!N16 -> 18.983771 | D18: =r2!O16 -> 205.63846 | E18: =r2!P16 -> 18 | F18: =r2!Q16 -> 3701.4923 | G18: =r2!R16 -> 10.84927 | H18: =r2!Z53 -> 4.0485392e+09 | I18: =r2!S53 -> 578.15 | N18: =B18 -> steam | O18: =C18 -> 18.983771 | P18: =D18 -> 205.63846 | Q18: =E18 -> 18 | R18: =F18 -> 3701.4923 | S18: =G18 -> 10.84927 | T18: =453.15 -> 453.15 | U18: 30.092 | V18: 0.006832514 | W18: 6.793435e-06 | X18: -2.53448e-09 | Y18: 8.2139e-14 | Z18: =P18*1000*(U18*T18+V18/2*T18^2+W18/3*T18^3+X18/4*T18^4+Y18/5*T18^5) -> 2.9862841e+09
B19: =r2!M17 -> CO2 | C19: =r2!N17 -> 3.3235859 | D19: =r2!O17 -> 36.002176 | E19: =r2!P17 -> 44 | F19: =r2!Q17 -> 1584.0958 | G19: =r2!R17 -> 4.6430686 | H19: =r2!Z54 -> 7.8423031e+08 | I19: =r2!S54 -> 578.15 | N19: =B19 -> CO2 | O19: =C19 -> 3.3235859 | P19: =D19 -> 36.002176 | Q19: =E19 -> 44 | R19: =F19 -> 1584.0958 | S19: =G19 -> 4.6430686 | T19: =453.15 -> 453.15 | U19: 27.437 | V19: 0.042315 | W19: -1.9555e-05 | X19: 3.9968e-09 | Y19: -2.9872e-13 | Z19: =P19*1000*(U19*T19+V19/2*T19^2+W19/3*T19^3+X19/4*T19^4+Y19/5*T19^5) -> 5.836712e+08
B20: =r2!M18 -> N2 | C20: =r2!N18 -> 76.425265 | D20: =r2!O18 -> 827.86364 | E20: =r2!P18 -> 28 | F20: =r2!Q18 -> 23180.182 | G20: =r2!R18 -> 67.942341 | H20: =r2!Z55 -> 9.5871157e+09 | I20: =r2!S55 -> 578.15 | N20: =B20 -> N2 | O20: =C20 -> 76.425265 | P20: =D20 -> 827.86364 | Q20: =E20 -> 28 | R20: =F20 -> 23180.182 | S20: =G20 -> 67.942341 | T20: =453.15 -> 453.15 | U20: 28.98641 | V20: 0.001853978 | W20: -9.647459e-06 | X20: 1.663537e-08 | Y20: 1.17e-16 | Z20: =P20*1000*(U20*T20+V20/2*T20^2+W20/3*T20^3+X20/4*T20^4+Y20/5*T20^5) -> 1.0929183e+10
B21: =r2!M19 -> Impurity | C21: =r2!N19 -> 0.0033748709 | D21: =r2!O19 -> 0.036557713 | E21: =r2!P19 -> 166 | F21: =r2!Q19 -> 6.0685803 | G21: =r2!R19 -> 0.01778733 | H21: =r2!Z56 -> 2314189.6 | I21: =r2!S56 -> 578.15 | N21: =B21 -> Impurity | O21: =C21 -> 0.0033748709 | P21: =D21 -> 0.036557713 | Q21: =E21 -> 166 | R21: =F21 -> 6.0685803 | S21: =G21 -> 0.01778733 | T21: =453.15 -> 453.15 | U21: -48.374 | V21: 0.69316 | W21: -0.00041468 | X21: 7.2672e-08 | Y21: 8.1593e-12 | Z21: =P21*1000*(U21*T21+V21/2*T21^2+W21/3*T21^3+X21/4*T21^4+Y21/5*T21^5) -> 1359316.4
B22: =r2!M20 -> Total | C22: =r2!N20 -> 0 | D22: =r2!O20 -> 1083.2329 | E22: =r2!P20 -> 0 | F22: =r2!Q20 -> 34117.432 | H22: =SUM(H8:H21) -> 1.7638284e+10 | N22: =B22 -> Total | O22: =C22 -> 0 | P22: =D22 -> 1083.2329 | Q22: =E22 -> 0 | R22: =F22 -> 34117.432 | S22: =G22 -> 0 | Z22: =SUM(Z8:Z21) -> 1.6756143e+10
J25: cooling required
K26: =H22-Z22 -> 8.8214083e+08 | L26: J/h | O26: cp
K27: =K26/1000 -> 882140.83 | L27: kJ/h | N27: species | O27: A | P27: B | Q27: C | R27: D | S27: E
K28: =K27/3600 -> 245.03912 | L28: kW | N28: MAC | O28: 14.506 | P28: 0.15922 | Q28: 0.0003118 | R28: -4.21e-07 | S28: 1.4222e-10
N29: CO | O29: 29.556 | P29: -0.0065807 | Q29: 2.013e-05 | R29: -1.2227e-08 | S29: 2.6717e-12
N30: MAA | O30: -28.131 | P30: 0.54744 | Q30: -0.00053877 | R30: 2.8583e-07 | S30: -6.0864e-11
N31: Acetic ac | O31: 34.85 | P31: 0.037626 | Q31: 0.00028311 | R31: -3.0767e-07 | S31: 9.2646e-11
N32: acetone | O32: 35.918 | P32: 0.093896 | Q32: 0.0001873 | R32: -2.1643e-07 | S32: 6.3174e-11
N33: acetaldehyde | O33: 34.14 | P33: 0.04002 | Q33: 0.00015634 | R33: 1.6445e-07 | S33: 4.7248e-11
N34: acrolein | O34: 109.243 | P34: -0.50952 | Q34: 0.0017059 | R34: -1.8068e-06 | S34: 6.5983e-10
N35: formaldehyde | O35: 34.428 | P35: -0.029779 | Q35: 0.00015104 | R35: -1.2733e-07 | S35: 3.3887e-11
N36: acrylic acid | O36: 7.755 | P36: 0.29386 | Q36: -0.00020878 | R36: 7.1591e-08 | S36: -9.096e-12
N37: oxygen | O37: 31.32234 | P37: -0.02023531 | Q37: 5.786644e-05 | R37: -3.650624e-08 | S37: 7.374e-15
N38: steam | O38: 30.092 | P38: 0.006832514 | Q38: 6.793435e-06 | R38: -2.53448e-09 | S38: 8.2139e-14
N39: CO2 | O39: 27.437 | P39: 0.042315 | Q39: -1.9555e-05 | R39: 3.9968e-09 | S39: -2.9872e-13
N40: N2 | O40: 28.98641 | P40: 0.001853978 | Q40: -9.647459e-06 | R40: 1.663537e-08 | S40: 1.17e-16
N41: Impurity | O41: -48.374 | P41: 0.69316 | Q41: -0.00041468 | R41: 7.2672e-08 | S41: 8.1593e-12
N42: Total

Sheet quencher
X1: DO THE MAT BALANCE FOR WATER AGAIN, WATER IN LIQUID STREAM, is the total liquid water added
I2: cooling water | L2: CW in
I3: At 25 deg C? | L3: Flow rate | M3: 0 | N3: kg/h
L4: Molflow rate | M4: =M3/18 -> 0 | N4: kmol/h
E9: Tin | F9: =453.15 -> 453.15 | G9: =F9-273.15 -> 180
B11: =r2!M5 -> 0 | C11: =r2!N5 -> mol% | D11: =r2!O5 -> kmol/h | E11: =r2!P5 -> mw | F11: =r2!Q5 -> kg/h | G11: =r2!R5 -> wt% | H11: H_gas at Tin (J/molh) | J11: Temperature for coolin
B12: =r2!M6 -> MAC | C12: =r2!N6 -> 0.7 | D12: =r2!O6 -> 7.5826305 | E12: =r2!P6 -> 70 | F12: =r2!Q6 -> 530.78413 | G12: =r2!R6 -> 1.5557564 | H12: ='gas cooler'!Z8 -> 2.1760319e+08 | J12: =100+273.15 -> 373.15 | O12: PG5 | P12: mol% | Q12: kmol/h | R12: mw | S12: kg/h | T12: wt% | U12: A | V12: B | W12: C | X12: D | Y12: E | Z12: Tout | AA12: Tb | AB12: H_gas at T (J/molh) | AE12: ΔH_gas (J/molh)
B13: =r2!M7 -> CO | C13: =r2!N7 -> 1 | D13: =r2!O7 -> 10.832329 | E13: =r2!P7 -> 28 | F13: =r2!Q7 -> 303.30522 | G13: =r2!R7 -> 0.88900366 | H13: ='gas cooler'!Z9 -> 1.4323959e+08 | O13: MAC | P13: =Q13/$Q$22*100 -> 0.77433651 | Q13: =S13/R13 -> 7.4092424 | R13: =E12 -> 70 | S13: =F12-O30 -> 518.64697 | T13: =S13/$S$22% -> 1.8490845 | U13: ='gas cooler'!U8 -> 14.506 | V13: ='gas cooler'!V8 -> 0.15922 | W13: ='gas cooler'!W8 -> 0.0003118 | X13: ='gas cooler'!X8 -> -4.21e-07 | Y13: ='gas cooler'!Y8 -> 1.4222e-10 | Z13: =$J$12 -> 373.15 | AB13: =Q13*1000*(U13*Z13+V13/2*Z13^2+W13/3*Z13^3+X13/4*Z13^4+Y13/5*Z13^5) -> 1.4865324e+08 | AD13: =H12-AB13 -> 68949949 | AE13: =AD13*-1 -> -68949949
B14: =r2!M8 -> MAA | C14: =r2!N8 -> 2.28 | D14: =r2!O8 -> 24.697711 | E14: =r2!P8 -> 86 | F14: =r2!Q8 -> 2124.0031 | G14: =r2!R8 -> 6.2255656 | H14: ='gas cooler'!Z10 -> 7.2929257e+08 | O14: CO | P14: =Q14/$Q$22*100 -> 1.1320817 | Q14: =S14/R14 -> 10.832329 | R14: =E13 -> 28 | S14: =F13 -> 303.30522 | T14: =S14/$S$22% -> 1.0813463 | U14: ='gas cooler'!U9 -> 29.556 | V14: ='gas cooler'!V9 -> -0.0065807 | W14: ='gas cooler'!W9 -> 2.013e-05 | X14: ='gas cooler'!X9 -> -1.2227e-08 | Y14: ='gas cooler'!Y9 -> 2.6717e-12 | Z14: =$J$12 -> 373.15 | AB14: =Q14*1000*(U14*Z14+V14/2*Z14^2+W14/3*Z14^3+X14/4*Z14^4+Y14/5*Z14^5) -> 1.1768143e+08 | AD14: =H13-AB14 -> 25558161 | AE14: =AD14*-1 -> -25558161
B15: =r2!M9 -> Acetic ac | C15: =r2!N9 -> 0.31 | D15: =r2!O9 -> 3.3580221 | E15: =r2!P9 -> 60 | F15: =r2!Q9 -> 201.48132 | G15: =r2!R9 -> 0.59055243 | H15: ='gas cooler'!Z11 -> 85788936 | O15: Acetone | P15: =Q15/$Q$22*100 -> 0.13584981 | Q15: =S15/R15 -> 1.2998795 | R15: =E16 -> 58 | S15: =F16 -> 75.393011 | T15: =S15/$S$22% -> 0.26879179 | U15: ='gas cooler'!U12 -> 35.918 | V15: ='gas cooler'!V12 -> 0.093896 | W15: ='gas cooler'!W12 -> 0.0001873 | X15: ='gas cooler'!X12 -> -2.1643e-07 | Y15: ='gas cooler'!Y12 -> 6.3174e-11 | Z15: =$J$12 -> 373.15 | AB15: =Q15*1000*(U15*Z15+V15/2*Z15^2+W15/3*Z15^3+X15/4*Z15^4+Y15/5*Z15^5) -> 28891317 | AD15: =H16-AB15 -> 9697194 | AE15: =AD15*-1 -> -9697194
B16: =r2!M10 -> acetone | C16: =r2!N10 -> 0.12 | D16: =r2!O10 -> 1.2998795 | E16: =r2!P10 -> 58 | F16: =r2!Q10 -> 75.393011 | G16: =r2!R10 -> 0.22098091 | H16: ='gas cooler'!Z12 -> 38588511 | O16: acetaldehyde | P16: =Q16/$Q$22*100 -> 0.23773716 | Q16: =S16/R16 -> 2.2747891 | R16: =E17 -> 44 | S16: =F17 -> 100.09072 | T16: =S16/$S$22% -> 0.35684428 | U16: ='gas cooler'!U13 -> 34.14 | V16: ='gas cooler'!V13 -> 0.04002 | W16: ='gas cooler'!W13 -> 0.00015634 | X16: ='gas cooler'!X13 -> 1.6445e-07 | Y16: ='gas cooler'!Y13 -> 4.7248e-11 | Z16: =$J$12 -> 373.15 | AB16: =Q16*1000*(U16*Z16+V16/2*Z16^2+W16/3*Z16^3+X16/4*Z16^4+Y16/5*Z16^5) -> 43445512 | AD16: =H17-AB16 -> 16478981 | AE16: =AD16*-1 -> -16478981
B17: =r2!M11 -> acetaldehyde | C17: =r2!N11 -> 0.21 | D17: =r2!O11 -> 2.2747891 | E17: =r2!P11 -> 44 | F17: =r2!Q11 -> 100.09072 | G17: =r2!R11 -> 0.29337121 | H17: ='gas cooler'!Z13 -> 59924493 | O17: acrolein | P17: =Q17/$Q$22*100 -> 0.045283269 | Q17: =S17/R17 -> 0.43329317 | R17: =E18 -> 56 | S17: =F18 -> 24.264417 | T17: =S17/$S$22% -> 0.086507704 | U17: ='gas cooler'!U14 -> 109.243 | V17: ='gas cooler'!V14 -> -0.50952 | W17: ='gas cooler'!W14 -> 0.0017059 | X17: ='gas cooler'!X14 -> -1.8068e-06 | Y17: ='gas cooler'!Y14 -> 6.5983e-10 | Z17: =$J$12 -> 373.15 | AB17: =Q17*1000*(U17*Z17+V17/2*Z17^2+W17/3*Z17^3+X17/4*Z17^4+Y17/5*Z17^5) -> 11713244 | AD17: =H18-AB17 -> 2835545.5 | AE17: =AD17*-1 -> -2835545.5
B18: =r2!M12 -> acrolein | C18: =r2!N12 -> 0.04 | D18: =r2!O12 -> 0.43329317 | E18: =r2!P12 -> 56 | F18: =r2!Q12 -> 24.264417 | G18: =r2!R12 -> 0.071120293 | H18: ='gas cooler'!Z14 -> 14548790 | O18: oxygen | P18: =Q18/$Q$22*100 -> 7.3585313 | Q18: =S18/R18 -> 70.41014 | R18: 32 | S18: =F21 -> 2253.1245 | T18: =S18/$S$22% -> 8.0328582 | U18: ='gas cooler'!U17 -> 31.32234 | V18: ='gas cooler'!V17 -> -0.02023531 | W18: ='gas cooler'!W17 -> 5.786644e-05 | X18: ='gas cooler'!X17 -> -3.650624e-08 | Y18: ='gas cooler'!Y17 -> 7.374e-15 | Z18: =$J$12 -> 373.15 | AB18: =Q18*1000*(U18*Z18+V18/2*Z18^2+W18/3*Z18^3+X18/4*Z18^4+Y18/5*Z18^5) -> 7.8186289e+08 | AD18: =H21-AB18 -> 1.7051633e+08 | AE18: =AD18*-1 -> -1.7051633e+08
B19: =r2!M13 -> formaldehyde | C19: =r2!N13 -> 0.03 | D19: =r2!O13 -> 0.32496988 | E19: =r2!P13 -> 30 | F19: =r2!Q13 -> 9.7490963 | G19: =r2!R13 -> 0.028575118 | H19: ='gas cooler'!Z15 -> 5204607.1 | O19: formaldehyde | P19: =Q19/$Q$22*100 -> 0.033962452 | Q19: =S19/R19 -> 0.32496988 | R19: =E19 -> 30 | S19: =F19 -> 9.7490963 | T19: =S19/$S$22% -> 0.03475756 | U19: ='gas cooler'!U15 -> 34.428 | V19: ='gas cooler'!V15 -> -0.029779 | W19: ='gas cooler'!W15 -> 0.00015104 | X19: ='gas cooler'!X15 -> -1.2733e-07 | Y19: ='gas cooler'!Y15 -> 3.3887e-11 | Z19: =$J$12 -> 373.15 | AB19: =Q19*1000*(U19*Z19+V19/2*Z19^2+W19/3*Z19^3+X19/4*Z19^4+Y19/5*Z19^5) -> 4166550.1 | AD19: =H19-AB19 -> 1038057.1 | AE19: =AD19*-1 -> -1038057.1
B20: =r2!M14 -> acrylic acid | C20: =r2!N14 -> 0.03 | D20: =r2!O14 -> 0.32496988 | E20: =r2!P14 -> 72 | F20: =r2!Q14 -> 23.397831 | G20: =r2!R14 -> 0.068580282 | H20: ='gas cooler'!Z16 -> 9076288.6 | O20: CO2 | P20: =Q20/$Q$22*100 -> 3.7625709 | Q20: =S20/R20 -> 36.002176 | R20: 44 | S20: =S22-S21-SUM(S13:S19) -> 1584.0958 | T20: =S20/$S$22% -> 5.6476315 | U20: ='gas cooler'!U19 -> 27.437 | V20: ='gas cooler'!V19 -> 0.042315 | W20: ='gas cooler'!W19 -> -1.9555e-05 | X20: ='gas cooler'!X19 -> 3.9968e-09 | Y20: ='gas cooler'!Y19 -> -2.9872e-13 | Z20: =$J$12 -> 373.15 | AB20: =Q20*1000*(U20*Z20+V20/2*Z20^2+W20/3*Z20^3+X20/4*Z20^4+Y20/5*Z20^5) -> 4.6314527e+08 | AD20: =H23-AB20 -> 1.2052592e+08 | AE20: =AD20*-1 -> -1.2052592e+08
B21: =r2!M15 -> oxygen | C21: =r2!N15 -> 6.5 | D21: =r2!O15 -> 70.41014 | E21: =r2!P15 -> 32 | F21: =r2!Q15 -> 2253.1245 | G21: =r2!R15 -> 6.6040272 | H21: ='gas cooler'!Z17 -> 9.5237922e+08 | O21: N2 | P21: =Q21/$Q$22*100 -> 86.519647 | Q21: =S21/R21 -> 827.86364 | R21: 28 | S21: =F24 -> 23180.182 | T21: =S21/$S$22% -> 82.642178 | U21: ='gas cooler'!U20 -> 28.98641 | V21: ='gas cooler'!V20 -> 0.001853978 | W21: ='gas cooler'!W20 -> -9.647459e-06 | X21: ='gas cooler'!X20 -> 1.663537e-08 | Y21: ='gas cooler'!Y20 -> 1.17e-16 | Z21: =$J$12 -> 373.15 | AB21: =Q21*1000*(U21*Z21+V21/2*Z21^2+W21/3*Z21^3+X21/4*Z21^4+Y21/5*Z21^5) -> 8.9896875e+09 | AD21: =H24-AB21 -> 1.939495e+09 | AE21: =AD21*-1 -> -1.939495e+09
B22: =r2!M16 -> steam | C22: =r2!N16 -> 18.983771 | D22: =F22/E22 -> 205.63846 | E22: =r2!P16 -> 18 | F22: =O34 -> 3701.4923 | G22: =r2!R16 -> 10.84927 | H22: ='gas cooler'!Z18 -> 2.9862841e+09 | O22: Total | Q22: =SUM(Q13:Q21) -> 956.85046 | S22: =F26-O35 -> 28048.851 | AE22: =SUM(AE13:AE21) -> -2.3550951e+09
B23: =r2!M17 -> CO2 | C23: =r2!N17 -> 3.3235859 | D23: =F23/E23 -> 36.002176 | E23: =r2!P17 -> 44 | F23: =S20 -> 1584.0958 | G23: =r2!R17 -> 4.6430686 | H23: ='gas cooler'!Z19 -> 5.836712e+08 | Q23: =SUM(Q13:Q21) -> 956.85046 | S23: =SUM(S13:S21) -> 28048.851 | AE23: =AE22/3600/1000 -> -654.1931 | AF23: kW
B24: =r2!M18 -> N2 | C24: =r2!N18 -> 76.425265 | D24: =r2!O18 -> 827.86364 | E24: =r2!P18 -> 28 | F24: =r2!Q18 -> 23180.182 | G24: =r2!R18 -> 67.942341 | H24: ='gas cooler'!Z20 -> 1.0929183e+10
B25: =r2!M19 -> Impurity | C25: =r2!N19 -> 0.0033748709 | D25: =F25/E25 -> 0.036557713 | E25: =r2!P19 -> 166 | F25: =O31 -> 6.0685803 | G25: =r2!R19 -> 0.01778733 | H25: ='gas cooler'!Z21 -> 1359316.4
B26: =r2!M20 -> Total | C26: =r2!N20 -> 0 | D26: =r2!O20 -> 1083.2329 | E26: =r2!P20 -> 0 | F26: =r2!Q20 -> 34117.432 | H26: ='gas cooler'!Z22 -> 1.6756143e+10
F27: =SUM(F12:F25) -> 34117.432 | T27: Regression coeffs, J/mol | X27: h3 | Y27: h4 | Z27: Regression coeffs, J/mol | AE27: h2 | AG27: h1-h2 | AI27: h3-h4
K28: PS1 | L28: Mol% | M28: Molar flow rate(kmol/h) | N28: MW | O28: Mass flow rate (kg/h) | P28: wt% | Q28: H_cond (kJ/mol) | R28: T_cond | S28: Tout | T28: A_liq | U28: B_liq | V28: C_liq | W28: D_liq | X28: H_liq at T cond(J/h) | Y28: H_liq at T_out (J/h) | Z28: A_gas | AA28: B_gas | AB28: C_gas | AC28: D_gas | AD28: E_gas | AE28: H_gas at T_cond (J/h) | AG28: ΔH_gas (J/h) | AH28: H_condensation | AI28: ΔH_liq (J/h) | AK28: ΔH (J/h)
H29: Assumption – all acetic acid and acrylic acid | K29: MAA | L29: =M29/$M$35*100 -> 10.544253 | M29: =O29/N29 -> 24.697711 | N29: =E14 -> 86 | O29: =F14 -> 2124.0031 | P29: 35 | Q29: -33.22 | R29: 443.15 | S29: =$J$12 -> 373.15 | T29: -7.089 | U29: 1.2882 | V29: -0.0032195 | W29: 3.1623e-06 | X29: =M29*1000*(T29*$R29+U29/2*$R29^2+V29/3*$R29^3+W29/4*$R29^4) -> 1.4928089e+09 | Y29: =M29*1000*(T29*$S29+U29/2*$S29^2+V29/3*$S29^3+W29/4*$S29^4) -> 1.1511155e+09 | Z29: ='gas cooler'!U10 -> -28.131 | AA29: ='gas cooler'!V10 -> 0.54744 | AB29: ='gas cooler'!W10 -> -0.00053877 | AC29: ='gas cooler'!X10 -> 2.8583e-07 | AD29: ='gas cooler'!Y10 -> -6.0864e-11 | AE29: =M29*1000*(Z29*R29+AA29/2*R29^2+AB29/3*R29^3+AC29/4*R29^4+AD29/5*R29^5) -> 6.9662541e+08 | AG29: =-(H14-AE29) -> -32667155 | AH29: =Q29*1000*M29*1000 -> -8.2045795e+08 | AI29: =Y29-X29 -> -3.4169342e+08 | AK29: =AG29+AH29+AI29 -> -1.1948185e+09
H30: in liq phase | K30: MAC | L30: =M30/$M$35*100 -> 0.074024962 | M30: =O30/N30 -> 0.17338801 | N30: =E12 -> 70 | O30: =$O$35*P30/100 -> 12.137161 | P30: 0.2 | Q30: =-29.74 -> -29.74 | R30: 341.15 | S30: =341.15 -> 341.15 | T30: 42.511 | U30: 0.68698 | V30: -0.0021841 | W30: 2.9238e-06 | X30: =M30*1000*(T30*$R30+U30/2*$R30^2+V30/3*$R30^3+W30/4*$R30^4) -> 6150757.6 | Y30: =M30*1000*(T30*$S30+U30/2*$S30^2+V30/3*$S30^3+W30/4*$S30^4) -> 6150757.6 | Z30: ='gas cooler'!U8 -> 14.506 | AA30: ='gas cooler'!V8 -> 0.15922 | AB30: ='gas cooler'!W8 -> 0.0003118 | AC30: ='gas cooler'!X8 -> -4.21e-07 | AD30: ='gas cooler'!Y8 -> 1.4222e-10 | AE30: =M30*1000*(Z30*R30+AA30/2*R30^2+AB30/3*R30^3+AC30/4*R30^4+AD30/5*R30^5) -> 2955641.8 | AG30: =-(H12-AE30) -> -2.1464755e+08 | AH30: =Q30*1000*M30*1000 -> -5156559.4 | AI30: =Y30-X30 -> 0 | AK30: =AG30+AH30+AI30 -> -2.1980411e+08
D31: overall energy balanace | K31: Impurity | L31: =M31/$M$35*100 -> 0.015607673 | M31: =O31/N31 -> 0.036557713 | N31: =E25 -> 166 | O31: =$O$35*P31/100 -> 6.0685803 | P31: =1000*10^-6*100 -> 0.1 | S31: =$J$12 -> 373.15 | T31: -26 | U31: 0.634 | V31: 0 | W31: 0 | X31: =M31*1000*(T31*$R31+U31/2*$R31^2+V31/3*$R31^3+W31/4*$R31^4) -> 0 | Y31: =M31*1000*(T31*$S31+U31/2*$S31^2+V31/3*$S31^3+W31/4*$S31^4) -> 1258955.2 | Z31: ='gas cooler'!U21 -> -48.374 | AA31: ='gas cooler'!V21 -> 0.69316 | AB31: ='gas cooler'!W21 -> -0.00041468 | AC31: ='gas cooler'!X21 -> 7.2672e-08 | AD31: ='gas cooler'!Y21 -> 8.1593e-12 | AE31: =M31*1000*(Z31*R31+AA31/2*R31^2+AB31/3*R31^3+AC31/4*R31^4+AD31/5*R31^5) -> 0 | AG31: 0 | AH31: =Q31*1000*M31*1000 -> 0 | AI31: =Y31-X31 -> 1258955.2 | AK31: =AG31+AH31+AI31 -> 1258955.2
D32: =H26-(AK35+AE22) -> 2.9562553e+10 | E32: J/molh | K32: acrylic acid | L32: =M32/$M$35*100 -> 0.13874017 | M32: =O32/N32 -> 0.32496988 | N32: =E20 -> 72 | O32: =F20 -> 23.397831 | P32: =O32/$O$35*100 -> 0.38555692 | Q32: =-42.52 -> -42.52 | R32: 414.15 | S32: =$J$12 -> 373.15 | T32: -18.242 | U32: 1.2106 | V32: -0.003116 | W32: 3.1409e-06 | X32: =M32*1000*(T32*$R32+U32/2*$R32^2+V32/3*$R32^3+W32/4*$R32^4) -> 14813803 | Y32: =M32*1000*(T32*$S32+U32/2*$S32^2+V32/3*$S32^3+W32/4*$S32^4) -> 12586965 | Z32: ='gas cooler'!U16 -> 7.755 | AA32: ='gas cooler'!V16 -> 0.29386 | AB32: ='gas cooler'!W16 -> -0.00020878 | AC32: ='gas cooler'!X16 -> 7.1591e-08 | AD32: ='gas cooler'!Y16 -> -9.096e-12 | AE32: =M32*1000*(Z32*R32+AA32/2*R32^2+AB32/3*R32^3+AC32/4*R32^4+AD32/5*R32^5) -> 7790828.6 | AG32: =-(H20-AE32) -> -1285460 | AH32: =Q32*1000*M32*1000 -> -13817719 | AI32: =Y32-X32 -> -2226837.3 | AK32: =AG32+AH32+AI32 -> -17330017
D33: =D32/3600 -> 8211820.2 | E33: W | K33: acetic acid | L33: =M33/$M$35*100 -> 1.4336485 | M33: =O33/N33 -> 3.3580221 | N33: =E15 -> 60 | O33: =F15 -> 201.48132 | P33: =O33/$O$35*100 -> 3.3200734 | Q33: =-23.33 -> -23.33 | R33: 391.05 | S33: =$J$12 -> 373.15 | T33: -18.944 | U33: 1.0971 | V33: -0.0028921 | W33: 2.9275e-06 | X33: =M33*1000*(T33*$R33+U33/2*$R33^2+V33/3*$R33^3+W33/4*$R33^4) -> 1.2069478e+08 | Y33: =M33*1000*(T33*$S33+U33/2*$S33^2+V33/3*$S33^3+W33/4*$S33^4) -> 1.1219914e+08 | Z33: ='gas cooler'!U11 -> 34.85 | AA33: ='gas cooler'!V11 -> 0.037626 | AB33: ='gas cooler'!W11 -> 0.00028311 | AC33: ='gas cooler'!X11 -> -3.0767e-07 | AD33: ='gas cooler'!Y11 -> 9.2646e-11 | AE33: =M33*1000*(Z33*R33+AA33/2*R33^2+AB33/3*R33^3+AC33/4*R33^4+AD33/5*R33^5) -> 68903280 | AG33: =-(H15-AE33) -> -16885657 | AH33: =Q33*1000*M33*1000 -> -78342655 | AI33: =Y33-X33 -> -8495642.7 | AK33: =AG33+AH33+AI33 -> -1.0372395e+08
D34: =D33/10^6 -> 8.2118202 | E34: MW | K34: water | L34: =M34/$M$35*100 -> 87.793725 | M34: =O34/N34 -> 205.63846 | N34: 18 | O34: =O35-SUM(O29:O33) -> 3701.4923 | P34: =O34/$O$35*100 -> 60.99437 | Q34: =-40.65 -> -40.65 | R34: 373.15 | S34: =$J$12 -> 373.15 | T34: 92.053 | U34: =-0.0399 -> -0.0399 | V34: =-0.00021103 -> -0.00021103 | W34: 5.3469e-07 | X34: =M34*1000*(T34*$R34+U34/2*$R34^2+V34/3*$R34^3+W34/4*$R34^4) -> 6.2737182e+09 | Y34: =M34*1000*(T34*$S34+U34/2*$S34^2+V34/3*$S34^3+W34/4*$S34^4) -> 6.2737182e+09 | Z34: ='gas cooler'!U18 -> 30.092 | AA34: ='gas cooler'!V18 -> 0.006832514 | AB34: ='gas cooler'!W18 -> 6.793435e-06 | AC34: ='gas cooler'!X18 -> -2.53448e-09 | AD34: ='gas cooler'!Y18 -> 8.2139e-14 | AE34: =M34*1000*(Z34*R34+AA34/2*R34^2+AB34/3*R34^3+AC34/4*R34^4+AD34/5*R34^5) -> 2.4285911e+09 | AG34: =-(H22-AE34) -> -5.5769306e+08 | AH34: =Q34*1000*M34*1000 -> -8.3592035e+09 | AI34: =Y34-X34 -> 0 | AK34: =AG34+AH34+AI34 -> -8.9168965e+09
K35: Total | M35: =SUM(M29:M34) -> 234.22911 | O35: =O29/(P29/100) -> 6068.5803 | P35: =SUM(P29:P34) -> 100 | AG35: =SUM(AG29:AG34) -> -8.2317888e+08 | AH35: =SUM(AH29:AH34) -> -9.2769784e+09 | AK35: =SUM(AK29:AK34) -> -1.0451314e+10
M36: =SUM(M29:M34) -> 234.22911 | O36: =SUM(O29:O34) -> 6068.5803 | AK36: =AK35/1000/3600 -> -2903.1428 | AL36: kW
B38: water in the quenching liquid is both the steam from the reactor outlet + cooling water
AG39: total cooling required | AH39: =-1*(AK36+AE23) -> 3557.3359 | AI39: kW | AJ39: NOT A QUECNHER
B40: Gin + Lin = Gout + Lout | AC40: let flow rate of water be | AE40: X | AF40: kmol/h
B41: water in = water out | AD41: X | AE41: 15972.44 | AF41: (basis) | AG41: =AE41*18 -> 287503.92 | AH41: kg/h
B42: cooling by water | AC42: A | AD42: B | AE42: C | AF42: D | AG42: T_in | AH42: T_out | AI42: Hin (kJ/kmolh) | AJ42: Hout (kJ/h) | AK42: ΔH (kJ/h) | AL42: ΔH (kW) | AM42: solver
B43: flow rate of cooling water should be enough to give outlet temperatures as 80 deg C | AB43: water | AC43: =T34 -> 92.053 | AD43: =U34 -> -0.0399 | AE43: =V34 -> -0.00021103 | AF43: =W34 -> 5.3469e-07 | AG43: =25+273.15 -> 298.15 | AH43: =273.15+100 -> 373.15 | AI43: =AE41*(AC43*AG43+AD43/2*AG43^2+AE43/3*AG43^3+AF43/4*AG43^4) -> 3.9714057e+08 | AJ43: =AE41*(AC43*AH43+AD43/2*AH43^2+AE43/3*AH43^3+AF43/4*AH43^4) -> 4.8729497e+08 | AK43: =AJ43-AI43 -> 90154398 | AL43: =AK43/3600 -> 25042.888 | AM43: =AL43-AH39 -> 21485.553
B45: Now energy difference
AB46: water | AC46: 55704.26 | AD46: kg/h | AE46: =AC46/3600 -> 15.473406 | AF46: kg/s
AB47: cp | AC47: 4.18 | AD47: kJ/kgK
AB48: T_in | AC48: 298.15 | AD48: K
AB49: T_out | AC49: 353.15 | AD49: K
AB50: mcPdT | AC50: =AC46*AC47*(AC49-AC48) -> 12806409 | AD50: kJ/h
AC51: =AC50/3600 -> 3557.3359 | AD51: kW
AC52: =AC51-AH39 -> -7.7361619e-09

Sheet crystallizer
B6: =quencher!K28 -> PS1 | C6: =quencher!L28 -> Mol% | D6: =quencher!M28 -> Molar flow rate(kmol/h) | E6: =quencher!N28 -> MW | F6: =quencher!O28 -> Mass flow rate (kg/h) | G6: =quencher!P28 -> wt% | O6: PS2 | P6: mol% | Q6: kmol/h | R6: mw | S6: kg/h | T6: wt%
B7: =quencher!K29 -> MAA | C7: =quencher!L29 -> 10.544253 | D7: =quencher!M29 -> 24.697711 | E7: =quencher!N29 -> 86 | F7: =quencher!O29 -> 2124.0031 | G7: =quencher!P29 -> 35 | O7: MAA | P7: =Q7/$Q$12*100 -> 10.545899 | Q7: =D7 -> 24.697711 | R7: =E7 -> 86 | S7: =F7 -> 2124.0031 | T7: =S7/$S$12% -> 35.035035
B8: =quencher!K30 -> MAC | C8: =quencher!L30 -> 0.074024962 | D8: =quencher!M30 -> 0.17338801 | E8: =quencher!N30 -> 70 | F8: =quencher!O30 -> 12.137161 | G8: =quencher!P30 -> 0.2 | O8: MAC | P8: =Q8/$Q$12*100 -> 0.074036517 | Q8: =D8 -> 0.17338801 | R8: =E8 -> 70 | S8: =F8 -> 12.137161 | T8: =S8/$S$12% -> 0.2002002
B9: =quencher!K31 -> Impurity | C9: =quencher!L31 -> 0.015607673 | D9: =quencher!M31 -> 0.036557713 | E9: =quencher!N31 -> 166 | F9: =quencher!O31 -> 6.0685803 | G9: =quencher!P31 -> 0.1 | O9: acrylic acid | P9: =Q9/$Q$12*100 -> 0.13876183 | Q9: =D10 -> 0.32496988 | R9: =E10 -> 72 | S9: =F10 -> 23.397831 | T9: =S9/$S$12% -> 0.38594286
B10: =quencher!K32 -> acrylic acid | C10: =quencher!L32 -> 0.13874017 | D10: =quencher!M32 -> 0.32496988 | E10: =quencher!N32 -> 72 | F10: =quencher!O32 -> 23.397831 | G10: =quencher!P32 -> 0.38555692 | O10: acetic acid | P10: =Q10/$Q$12*100 -> 1.4338723 | Q10: =D11 -> 3.3580221 | R10: =E11 -> 60 | S10: =F11 -> 201.48132 | T10: =S10/$S$12% -> 3.3233968
B11: =quencher!K33 -> acetic acid | C11: =quencher!L33 -> 1.4336485 | D11: =quencher!M33 -> 3.3580221 | E11: =quencher!N33 -> 60 | F11: =quencher!O33 -> 201.48132 | G11: =quencher!P33 -> 3.3200734 | O11: water | P11: =Q11/$Q$12*100 -> 87.80743 | Q11: =D12 -> 205.63846 | R11: =E12 -> 18 | S11: =F12 -> 3701.4923 | T11: =S11/$S$12% -> 61.055425
B12: =quencher!K34 -> water | C12: =quencher!L34 -> 87.793725 | D12: =quencher!M34 -> 205.63846 | E12: =quencher!N34 -> 18 | F12: =quencher!O34 -> 3701.4923 | G12: =quencher!P34 -> 60.99437 | O12: Total | Q12: =SUM(Q7:Q11) -> 234.19255 | R12: =E13 -> 0 | S12: =SUM(S7:S11) -> 6062.5117
B13: =quencher!K35 -> Total | C13: =quencher!L35 -> 0 | D13: =quencher!M35 -> 234.22911 | E13: =quencher!N35 -> 0 | F13: =quencher!O35 -> 6068.5803 | G13: =quencher!P35 -> 100
I15: W | J15: mol% | K15: kmol/h | L15: mw | M15: kg/h | N15: wt%
I16: Impurity | J16: 100 | K16: =D9 -> 0.036557713 | L16: =E9 -> 166 | M16: =F9 -> 6.0685803 | N16: 100

Sheet lle
A1: ) in the boiling point under atmospheric pressure measured of the organic extractant that uses be less than 161 ℃.Then in principle can be at the step c1 of the inventive method β) in, for example, by distillation, preferably at least partly, preferably separated organic extractant and methacrylic acid to a large extent, wherein in water distilling apparatus, compare with pure methacrylic acid, it can be used as low-boiling point material and removes at least partly under higher level.Optionally, after and/or purification step cooling at least one step, separated organic extractant guiding can be got back to processing step c1 α) in.The preferred organic solvent of this step is especially selected from alkane and aromatic hydrocarbons, and preferred alkyl aromatic hydrocarbons is wherein especially preferably selected from least one organic solvent in heptane, toluene and dimethylbenzene, and is most preferably heptane, preferably normal heptane.Can be by known and suitable any mode to one skilled in the art, for example by washing tower, phase separator or other devices of being suitable for separated organic phase and water, extract.By at least a portion, preferred 50wt% at least, preferably at least about 70wt%, preferably at least about 80wt%, the methacrylic acid more preferably comprising in methacrylic aqueous acid at least about 90wt% is extracted in organic phase.
F8: =2000/E13 -> 0.94161821
A10: Solvent chosen | B10: NBA
A12: Feed | B12: =crystallizer!P6 -> mol% | C12: =crystallizer!Q6 -> kmol/h | D12: =crystallizer!R6 -> mw | E12: =crystallizer!S6 -> kg/h | F12: =crystallizer!T6 -> wt% | G12: density | H12: m3/h | K12: =D12 -> mw | L12: kg/h | M12: m3/h | N12: Mol frac
A13: =crystallizer!O7 -> MAA | B13: =crystallizer!P7 -> 10.545899 | C13: =crystallizer!Q7 -> 24.697711 | D13: =crystallizer!R7 -> 86 | E13: =crystallizer!S7 -> 2124.0031 | F13: =crystallizer!T7 -> 35.035035 | G13: =1.015 -> 1.015 | H13: =E13/G13*0.001 -> 2.0926139 | I13: =A13 -> MAA | J13: =C13 -> 24.697711 | K13: =D13 -> 86 | L13: =J13*K13 -> 2124.0031 | M13: =L13/G13*0.001 -> 2.0926139 | N13: =J13/$J$18 -> 0.10553713 | Q13: MEHQ | R13: =(300*10^-6)*E18 -> 1.8187535 | S13: kg/h
A14: =crystallizer!O8 -> MAC | B14: =crystallizer!P8 -> 0.074036517 | C14: =crystallizer!Q8 -> 0.17338801 | D14: =crystallizer!R8 -> 70 | E14: =crystallizer!S8 -> 12.137161 | F14: =crystallizer!T8 -> 0.2002002 | G14: 0.84 | H14: =E14/G14*0.001 -> 0.014449001 | I14: =A14 -> MAC | J14: 0 | K14: =D14 -> 70 | L14: =J14*K14 -> 0 | M14: =L14/G14*0.001 -> 0 | N14: =J14/$J$18 -> 0
A15: =crystallizer!O9 -> acrylic acid | B15: =crystallizer!P9 -> 0.13876183 | C15: =crystallizer!Q9 -> 0.32496988 | D15: =crystallizer!R9 -> 72 | E15: =crystallizer!S9 -> 23.397831 | F15: =crystallizer!T9 -> 0.38594286 | G15: 1.05 | H15: =E15/G15*0.001 -> 0.022283649 | I15: =A15 -> acrylic acid | J15: =C15 -> 0.32496988 | K15: =D15 -> 72 | L15: =J15*K15 -> 23.397831 | M15: =L15/G15*0.001 -> 0.022283649 | N15: =J15/$J$18 -> 0.0013886464
A16: =crystallizer!O10 -> acetic acid | B16: =crystallizer!P10 -> 1.4338723 | C16: =crystallizer!Q10 -> 3.3580221 | D16: =crystallizer!R10 -> 60 | E16: =crystallizer!S10 -> 201.48132 | F16: =crystallizer!T10 -> 3.3233968 | G16: 1.048 | H16: =E16/G16*0.001 -> 0.19225317 | I16: =A16 -> acetic acid | J16: =C16 -> 3.3580221 | K16: =D16 -> 60 | L16: =J16*K16 -> 201.48132 | M16: =L16/G16*0.001 -> 0.19225317 | N16: =J16/$J$18 -> 0.014349346
A17: =crystallizer!O11 -> water | B17: =crystallizer!P11 -> 87.80743 | C17: =crystallizer!Q11 -> 205.63846 | D17: =crystallizer!R11 -> 18 | E17: =crystallizer!S11 -> 3701.4923 | F17: =crystallizer!T11 -> 61.055425 | G17: 1 | H17: =E17/G17*0.001 -> 3.7014923 | I17: =A17 -> water | J17: =C17 -> 205.63846 | K17: =D17 -> 18 | L17: =J17*K17 -> 3701.4923 | M17: =L17/G17*0.001 -> 3.7014923 | N17: =J17/$J$18 -> 0.87872488
A18: =crystallizer!O12 -> Total | C18: =crystallizer!Q12 -> 234.19255 | E18: =crystallizer!S12 -> 6062.5117 | F18: =crystallizer!T12 -> 0 | H18: =SUM(H13:H17) -> 6.023092 | I18: =A18 -> Total | J18: =SUM(J13:J17) -> 234.01916 | K18: =D18 -> 0 | L18: =SUM(L13:L17) -> 6050.3746 | M18: =SUM(M13:M17) -> 6.008643 | N18: =J18/$J$18 -> 1
L19: =L18/3600 -> 1.6806596
A20: F (kg/h) | B20: =E18 -> 6062.5117 | E20: T | F20: 13 | G20: =F20+273.15 -> 286.15
A21: x_f (mol% of MAA in feed) | B21: =N13 -> 0.10553713 | D21: let recovery be mass flow in extract/mass flow in feed (of MAA)
A22: x_e (mol% of MAA in extractant) | D22: recovery | E22: =0.95 -> 0.95
A23: x_r (mol% of MAA in raffinate)
A25: NBA | B25: mw | C25: 116 | H25: Equations -
B26: mass flow | C26: =C27*C25 -> 4821.8538 | D26: kg/h | E26: S/F (molar) | F26: 0.17749371 | H26: F + S = E + R
B27: molar flow | C27: =C18*F26 -> 41.567706 | E27: S/F (mass) | F27: =C26/B20 -> 0.79535579 | H27: Fxf = Exe + Rxr
B28: density | C28: 0.88 | D28: g/ml | H28: Xe = Kd * xr
C29: =C26/C28 -> 5479.3794 | D29: l/h
C30: =C29/1000 -> 5.4793794 | D30: m3/h | E30: Exe | F30: =E13*E22 -> 2017.803
E31: Rxr | F31: =E13-F30 -> 106.20016
E32: E/R
A33: component | B33: K_d(UNIFAC) mole frac | C33: xe | D33: kmol/h | E33: MW | F33: mass flow rate (kg/h) | G33: xr | H33: kmol/h | I33: mass flow rate (kg/h)
A34: Methacrylic acid | B34: 8 | C34: 0.1442 | D34: =$D$40*C34 -> 22.136142 | E34: =D13 -> 86 | F34: =D34*E34 -> 1903.7082 | G34: =C34/B34 -> 0.018025 | H34: =G34*$H$40 -> 2.8636318 | I34: =H34*E34 -> 246.27233
A35: Methacrolein | B35: 15 | C35: 0 | D35: =$D$40*C35 -> 0 | E35: =D14 -> 70 | F35: =D35*E35 -> 0 | G35: =C35/B35 -> 0 | H35: =G35*$H$40 -> 0 | I35: =H35*E35 -> 0
A36: Water | B36: 0.35 | C36: 0.3244 | D36: =$D$40*C36 -> 49.798644 | E36: 18 | F36: =D36*E36 -> 896.37559 | G36: =C36/B36 -> 0.92685714 | H36: =G36*$H$40 -> 147.24979 | I36: =H36*E36 -> 2650.4963
A37: Acetic acid | B37: 1 | C37: 0.0179 | D37: =$D$40*C37 -> 2.747829 | E37: =D16 -> 60 | F37: =D37*E37 -> 164.86974 | G37: =C37/B37 -> 0.0179 | H37: =G37*$H$40 -> 2.843773 | I37: =H37*E37 -> 170.62638
A38: acrylic acid | B38: 2.5 | C38: 0.0213 | D38: =$D$40*C38 -> 3.269763 | E38: 72 | F38: =D38*E38 -> 235.42294 | G38: =C38/B38 -> 0.00852 | H38: =G38*$H$40 -> 1.3535724 | I38: =H38*E38 -> 97.457213
A39: nba | B39: 850 | C39: 0.4923 | D39: =$D$40*C39 -> 75.572973 | E39: 116 | F39: =D39*E39 -> 8766.4649 | G39: =C39/B39 -> 0.00057917647 | H39: =G39*$H$40 -> 0.092013766 | I39: =H39*E39 -> 10.673597
D40: 153.51 | F40: =SUM(F34:F39) -> 11966.841 | H40: 158.87

Sheet lle dwsim
B1: extract phase
B2: species | C2: Mass flow rate (kg/h) | D2: MW | E2: Molar flow rate (kmol/h) | F2: wt% | G2: mol% | H2: mol frac
B3: MAA | C3: 2028.52 | D3: 86 | E3: =C3/D3 -> 23.587442 | F3: =C3/$C$9% -> 18.400314 | G3: =E3/$E$9% -> 15.823502 | H3: =G3/100 -> 0.15823502
B4: NBA | C4: 7800.1 | D4: =lle!C25 -> 116 | E4: =C4/D4 -> 67.242241 | F4: =C4/$C$9% -> 70.753204 | G4: =E4/$E$9% -> 45.109077 | H4: =G4/100 -> 0.45109077
B5: Water | C5: 986.647 | D5: 18 | E5: =C5/D5 -> 54.813722 | F5: =C5/$C$9% -> 8.9496849 | G5: =E5/$E$9% -> 36.771475 | H5: =G5/100 -> 0.36771475
B6: Acrylic acid | C6: 22.57 | D6: 72 | E6: =C6/D6 -> 0.31347222 | F6: =C6/$C$9% -> 0.20472812 | G6: =E6/$E$9% -> 0.21029107 | H6: =G6/100 -> 0.0021029107
B7: Acetic acid | C7: 186.54 | D7: 60 | E7: =C7/D7 -> 3.109 | F7: =C7/$C$9% -> 1.6920684 | G7: =E7/$E$9% -> 2.085655 | H7: =G7/100 -> 0.02085655
B8: MAC | C8: =lle!E14 -> 12.137161 | D8: 70 | E8: =C8/D8 -> 0.17338801 | F8: =C8/$C$9% -> 0.11009385 | G8: =E8/$E$9% -> 0.11631636 | H8: =G8/100 -> 0.0011631636
B9: Total | C9: =SUM(C3:C7) -> 11024.377 | E9: =SUM(E3:E7) -> 149.06588 | H9: =SUM(H3:H8) -> 1.0011632
B11: Species | C11: Mass flow rate (kg/h) | D11: MW | E11: Molar flow rate (kmol/h) | F11: wt% | G11: mol%
B12: MAA | C12: =lle!E13-C3 -> 95.483114 | D12: 86 | E12: =C12/D12 -> 1.1102688 | F12: =C12/$C$18% -> -62.41689 | G12: =E12/$E$18% -> 0.94448146
B13: NBA | C13: =lle!C26-C4 -> -2978.2462 | D13: =D3 -> 86 | E13: =C13/D13 -> -34.630769 | F13: =C13/$C$18% -> 1946.8664 | G13: =E13/$E$18% -> -29.459641
B14: Water | C14: =lle!E17-C5 -> 2714.8453 | D14: 18 | E14: =C14/D14 -> 150.82474 | F14: =C14/$C$18% -> -1774.6824 | G14: =E14/$E$18% -> 128.30332
B15: Acrylic acid | C15: 0 | D15: 72 | E15: =C15/D15 -> 0 | F15: =C15/$C$18% -> 0 | G15: =E15/$E$18% -> 0
B16: Acetic acid | C16: =lle!E16-C7 -> 14.941324 | D16: 60 | E16: =C16/D16 -> 0.24902206 | F16: =C16/$C$18% -> -9.7670772 | G16: =E16/$E$18% -> 0.21183764
B17: MAC | C17: =0 -> 0 | D17: 70 | E17: =C17/D17 -> 0 | F17: =C17/$C$18% -> 0 | G17: =E17/$E$18% -> 0
B18: Total | C18: =SUM(C12:C17) -> -152.9764 | E18: =SUM(E12:E17) -> 117.55326

Sheet esterification
H1: C2H4O + C4H6O2 → C6H10O3
B3: kmol/h | C3: MW | D3: kg/h | E3: tph | F3: density | G3: m3/h | H3: Conc in liq(mol/m3) | M3: kmol/h | N3: MW | O3: kg/h | P3: tph | Q3: m3/h | R3: outlet conc (mol/m3)
A4: EO | B4: =M5 -> 0 | C4: =2*12+4+16 -> 44 | D4: =B4*C4 -> 0 | E4: =D4/1000 -> 0 | F4: 0.9 | G4: =D4/F4 -> 0 | H4: =J13/L28 -> 0.082023242 | L4: MA | N4: 86
A5: MAA | B5: =D20 -> 23.018605 | C5: =86 -> 86 | D5: =B5*C5 -> 1979.6 | E5: =D5/1000 -> 1.9796 | F5: 1010 | G5: =D5/F5 -> 1.96 | H5: =B5*1000/G5 -> 11744.186 | L5: HEMA | N5: 130
A6: Total | D6: =SUM(D4:D5) -> 1979.6 | E6: =SUM(E4:E5) -> 1.9796 | L6: Total
M7: density | N7: 1070 | O7: kg/m3
G10: conv MA | J10: 0.2
G11: EO | J11: 1
G12: T | J12: 80 | K12: =J12+273.15 -> 353.15
G13: P | J13: =60000 -> 60000
G14: ΔH_rxn | J14: =[1]Sheet5!G14 -> -75.06 | K14: kJ/mol
A15: HEMA | B15: 20000 | C15: TPA
B16: =B15/8000 -> 2.5 | C16: TPH | L16: HEMA | M16: MAA | N16: MAC | O16: IB
B17: =B16*1000/130 -> 19.230769 | C17: kmol/h | K17: Rate (tph) | L17: 2.5 | M17: 1.66
K18: Rate (kmol/h) | L18: 19.230769 | M18: 19.33
A19: distillation column outlet | B19: kg/h | C19: MW | D19: kmol/h
A20: MAA | B20: 1979.6 | C20: 86 | D20: =B20/C20 -> 23.018605 | K20: LR | L20: EO
A21: AcrA | B21: 0.3 | C21: 72 | D21: =B21/C21 -> 0.0041666667 | K21: phase of EO and MAA at op conditions
A22: AcA | B22: 0.9 | C22: 60 | D22: =B22/C22 -> 0.015 | K22: Antoine constants | N22: T | O22: =K12 -> 353.15 | R22: 1mmHg | S22: 133.3224 | T22: Pa
A23: Nba | B23: 0.1 | C23: 116 | D23: =B23/C23 -> 0.00086206897 | L23: A | M23: B | N23: C | O23: D | P23: E | Q23: logP | R23: P (mmHg) | S23: P (Pa) | T23: Phase
B24: 1980.9 | D24: =SUM(D20:D23) -> 23.038633 | K24: EO | L24: 39.9235 | M24: -2359.5 | N24: -12.517 | O24: 0.0069835 | P24: -1.1101e-13 | Q24: =L24+M24/$O$22+N24*LOG10($O$22)+O24*$O$22+P24*$O$22^2 -> 3.8156207 | R24: =10^Q24 -> 6540.6464 | S24: =R24*$S$22 -> 872014.68 | T24: G
K25: MAA | L25: 17.5903 | M25: -3294 | N25: -2.593 | O25: 6.4226e-12 | P25: =-0.0000015429 -> -1.5429e-06 | Q25: =L25+M25/$O$22+N25*LOG10($O$22)+O25*$O$22+P25*$O$22^2 -> 1.4635379 | R25: =10^Q25 -> 29.076215 | S25: =R25*$S$22 -> 3876.5108 | T25: L
K27: gamma_infite | L27: =0.838862 -> 0.838862
K28: Ha | L28: =L27*S24 -> 731499.98 | M28: Pa/m3mol
A31: Volume of the reactor;
A32: r | B32: mol/minmolcat
A33: K1 | B33: 1.478
A34: K2 | B34: 0.322
A35: K3 | B35: 1.095
A36: K4 | B36: 0.921
A38: stochiometry table
B39: conc at 0 | C39: conc
A40: EO | B40: P/Ha | C40: P/Ha
A41: MAA | B41: CA0 | C41: CAO(1-Xa)
A42: HEMA | B42: 0 | C42: CA0Xa
A44: r_num | B44: =B33*B34*B35*H4*H5*(1-J10) -> 401.60052 | C44: =H5*(1-J10) -> 9395.3488
A45: r_den | B45: =1+B33*H4+B33*B34*H4*H5*(1-J10)+B36*H5*J10 -> 2531.1588
A46: r | B46: =B44/B45 -> 0.15866271 | C46: mol/minmolCat
A47: FA0 | B47: =B4*1000/60 -> 0 | C47: mol/min
A48: mol Cat | B48: =B47*(J10)/B46 -> 0 | C48: mol
A49: FeCl3 | B49: 162.2 | C49: g/mol
A50: FeCl3 | B50: =B48*B49 -> 0 | C50: g
B51: =B50/1000 -> 0 | C51: kg
